FECHA Y HORA;DEPARTAMENTO;LOCALIDAD;JURISDICCION;TIPO DE SINIESTRO;VEHICULO;ROL;EDAD;SEXO;FALLECIDO A LOS (DIAS);OTRO VEHICULO;LUGAR DEL SINIESTRO;X;Y
01/01/2015 17:00;CANELONES;CIUDAD DE LA COSTA;DEPARTAMENTAL;COLISION ENTRE VEHICULOS;MOTO;CONDUCTOR;19;F;0;AUTO;CRUZ DEL SUR esq. RIO DE JANEIRO;592198,5527;6143355,813
02/01/2015 17:40;MALDONADO;N/C;NACIONAL;DESPISTE;CAMIONETA;CONDUCTOR;32;M;0;;RUTA 39 km. 42;696759,6;6170525,09
02/01/2015 19:35;ROCHA;CASTILLOS;NACIONAL;COLISION ENTRE VEHICULOS;AUTO;PASAJERO;37;F;0;OMNIBUS;RUTA 9 km. 264,700;790491,95;6211259,41
04/01/2015 06:00;RIO NEGRO;N/C;NACIONAL;COLISION CON OBSTACULO;MOTO;CONDUCTOR;23;M;0;;RUTA 3 km. 280;460161;6359752,59
04/01/2015 14:00;SALTO;SALTO;DEPARTAMENTAL;COLISION CON OBSTACULO;AUTO;PASAJERO;35;M;0;;AVENIDA JOSE ENRIQUE RODO esq. CHARRUA;410858,775;6527516,896
05/01/2015 12:40;CANELONES;N/C;NACIONAL;ATROPELLO DE PEATON;PEATON;PEATON;87;M;0;CAMIONETA;RUTA 8 km. 23,500;589176,9225;6151919,538
05/01/2015 17:45;CANELONES;CIUDAD DE LA COSTA;DEPARTAMENTAL;COLISION ENTRE VEHICULOS;MOTO;CONDUCTOR;22;M;0;CAMIONETA;MAR MEDITERRANEO esq. CIUDAD DE LA PAZ;598364,1627;6148393,277
07/01/2015 17:40;DURAZNO;N/C;NACIONAL;DESPISTE;AUTO;PASAJERO;16;F;0;;RUTA 14 km. 253;609535,0664;6317014,926
10/01/2015 08:45;CANELONES;PANDO;DEPARTAMENTAL;COLISION ENTRE VEHICULOS;MOTO;CONDUCTOR;26;M;1;CAMIONETA;WILSON FERREIRA ALDUNATE esq. ITUZAINGO;595309,2602;6157407,934
07/01/2015 22:50;CANELONES;ESTACION LA FLORESTA;DEPARTAMENTAL;ATROPELLO DE ANIMALES;MOTO;CONDUCTOR;41;M;0;;CALLE F esq. CALLE 13;620426,1307;6155325,584
12/01/2015 14:26;MONTEVIDEO;MONTEVIDEO;DEPARTAMENTAL;COLISION ENTRE VEHICULOS;MOTO;CONDUCTOR;22;M;1;AUTO;LANUS esq. CAACUPE;570055,1434;6148405,935
13/01/2015 12:20;FLORES;N/C;NACIONAL;DESPISTE;AUTO;PASAJERO;79;F;0;;RUTA 3 km. 180;511620,0737;6283060,577
14/01/2015 06:00;MALDONADO;N/C;NACIONAL;DESPISTE;AUTO;CONDUCTOR;54;M;0;;RUTA 12 km. 364,700;680874,6665;6152768,534
15/01/2015 17:10;CANELONES;ATLANTIDA;NACIONAL;ATROPELLO DE PEATON;PEATON;PEATON;86;F;1;CAMION;RUTA INTERBALNEARIA km. 46,600;614164,3313;6152258,714
15/01/2015 23:20;CANELONES;LAS PIEDRAS;DEPARTAMENTAL;COLISION ENTRE VEHICULOS;MOTO;PASAJERO;20;M;2;AUTO;DOCTOR POUEY esq. ELLAURI;571062,9511;6156379,67
16/01/2015 10:05;COLONIA;MIGUELETE;DEPARTAMENTAL;ATROPELLO DE PEATON;PEATON;PEATON;89;F;1;AUTO;MAGDALENA FANETTI esq.  JOS E. RODà;440051,3743;6236568,757
16/01/2015 19:45;ROCHA;ROCHA;DEPARTAMENTAL;COLISION ENTRE VEHICULOS;BICICLETA;CONDUCTOR;67;M;1;MOTO;ITUZAINGO esq. RINCON;744969,2732;6181933,434
09/01/2015 13:30;CANELONES;N/C;DEPARTAMENTAL;CAIDA;MOTO;CONDUCTOR;47;M;7;;CAMINO CHARAMELO esq. RUTA 33;582302,7638;6162019,338
16/01/2015 16:05;MONTEVIDEO;MONTEVIDEO;DEPARTAMENTAL;COLISION ENTRE VEHICULOS;MOTO;CONDUCTOR;39;M;1;OMNIBUS;COMERCIO esq. FRAY BENTOS;578155,9855;6140582,323
16/01/2015 16:45;MONTEVIDEO;MONTEVIDEO;DEPARTAMENTAL;COLISION ENTRE VEHICULOS;MOTO;CONDUCTOR;23;M;1;CAMIONETA;GENERAL AGUSTIN MU¥OZ esq. ADOLFO VAILLANT;569586,7376;6142324,604
17/01/2015 17:05;CANELONES;SALINAS;NACIONAL;COLISION ENTRE VEHICULOS;MOTO;CONDUCTOR;67;M;1;MOTO;RUTA INTERBALNEARIA esq. COLON;605337,9689;6151143,052
18/01/2015 10:45;CANELONES;CAPITAN J.A. ARTIGAS;DEPARTAMENTAL;COLISION ENTRE VEHICULOS;MOTO;CONDUCTOR;43;M;1;CARRO;ARTIGAS esq. NOVARO;591712,1998;6154626,386
19/01/2015 14:30;PAYSANDU;LORENZO GEYRES;DEPARTAMENTAL;CAIDA;MOTO;CONDUCTOR;15;M;0;;AVENIDA DEL QUEGUAY esq. TACUAREMBO;416946,4885;6448747,874
20/01/2015 04:51;MONTEVIDEO;MONTEVIDEO;NACIONAL;DESPISTE;AUTO;CONDUCTOR;30;M;0;;RAMBLA EDISON esq. CORONEL FRANCISCO TAJES;573306,9523;6139068,52
21/01/2015 12:50;MONTEVIDEO;MONTEVIDEO;DEPARTAMENTAL;COLISION ENTRE VEHICULOS;MOTO;CONDUCTOR;23;M;0;CAMION;NICARAGUA esq. DEMOCRACIA;575237,5041;6138670,526
21/01/2015 14:40;TACUAREMBO;TACUAREMBO;DEPARTAMENTAL;COLISION ENTRE VEHICULOS;MOTO;CONDUCTOR;25;M;2;AUTO;DIECIOCHO DE JULIO esq. DOCTOR CATALINA;596359,1245;6490640,57
22/01/2015 05:45;CANELONES;LAS PIEDRAS;DEPARTAMENTAL;COLISION ENTRE VEHICULOS;MOTO;CONDUCTOR;39;M;16;TREN;AVENIDA PEDRO BLANES VIALE esq. AVENIDA BOLIVIA;570365,4682;6157553,729
23/01/2015 02:00;CANELONES;SAN LUIS;NACIONAL;COLISION ENTRE VEHICULOS;MOTO;CONDUCTOR;39;M;0;AUTO;RUTA INTERBALNEARIA km. 64;630297,1578;6151451,041
23/01/2015 10:25;MALDONADO;N/C;NACIONAL;COLISION ENTRE VEHICULOS;AUTO;CONDUCTOR;77;F;0;CAMIONETA;RUTA INTERBALNEARIA esq. RUTA 37;661262,0015;6148677,66
24/01/2015 20:05;CERRO LARGO;N/C;NACIONAL;CAIDA;MOTO;CONDUCTOR;29;M;0;;RUTA 7 km. 328;724738,5661;6382710,59
24/01/2015 22:15;MONTEVIDEO;MONTEVIDEO;DEPARTAMENTAL;ATROPELLO DE PEATON;PEATON;PEATON;76;F;1;MOTO;CAMINO TOMKINSON esq. CAMINO CIBILS;566295,425;6144638,883
24/01/2015 20:15;RIO NEGRO;N/C;NACIONAL;DESPISTE;AUTO;PASAJERO;25;M;0;;RUTA 24 km. 53;404564,8211;6343604,616
25/01/2015 09:30;ARTIGAS;N/C;NACIONAL;CAIDA;MOTO;CONDUCTOR;50;M;0;;RUTA 3 km. 605;440029,1466;6635283,366
25/01/2015 06:50;CANELONES;CIUDAD DE LA COSTA;DEPARTAMENTAL;CAIDA;MOTO;CONDUCTOR;24;M;23;;Avda Giannattasio km21.200;592774,1993;6144591,478
25/01/2015 12:40;SAN JOSE;SANTA LUCIA;NACIONAL;ATROPELLO DE PEATON;PEATON;PEATON;39;M;0;CAMION;RUTA 11 km. 79;551915,5766;6188687,767
25/01/2015 19:30;CANELONES;N/C;NACIONAL;DESPISTE;AUTO;PASAJERO;42;M;0;;RUTA 7 km. 64;607526,6016;6186390,968
26/01/2015 22:25;MALDONADO;PIRIAPOLIS;DEPARTAMENTAL;ATROPELLO DE PEATON;PEATON;PEATON;40;F;1;MOTO;RAMBLA DE LOS ARGENTINOS esq. ARMENIA;657278,35;6140684,771
27/01/2015 12:35;MONTEVIDEO;MONTEVIDEO;DEPARTAMENTAL;ATROPELLO DE PEATON;PEATON;PEATON;86;F;7;AUTO;AVENIDA BRASIL esq. CORONEL ALEGRE;577131,8497;6136789,37
27/01/2015 13:55;MONTEVIDEO;MONTEVIDEO;DEPARTAMENTAL;COLISION ENTRE VEHICULOS;AUTO;CONDUCTOR;65;M;1;AUTO;RAMBLA PRESIDENTE WILSON esq. VIA DE INTERCONEXION;575715,0046;6135250,065
27/01/2015 12:35;CANELONES;SANTA LUCIA;DEPARTAMENTAL;COLISION ENTRE VEHICULOS;MOTO;CONDUCTOR;20;M;1;CAMION;GENERAL MITRE  esq. RINCON;556597,0928;6187157,227
28/01/2015 13:30;RIO NEGRO;N/C;NACIONAL;DESPISTE;CAMIONETA;CONDUCTOR;50;M;0;;RUTA 3 km. 303,500 ;450177,0963;6369218,695
28/01/2015 07:50;COLONIA;N/C;NACIONAL;DESPISTE;AUTO;CONDUCTOR;50;M;0;;RUTA 1 km. 153;445223,9316;6193470,66
29/01/2015 13:30;MALDONADO;N/C;DEPARTAMENTAL;COLISION ENTRE VEHICULOS;MOTO;CONDUCTOR;44;M;5;MOTO;RUTA 37 esq. RINCON;657805,4672;6142257,59
31/01/2015 04:00;TACUAREMBO;PUEBLO DEL BARRO;NACIONAL;DESPISTE;CAMIONETA;CONDUCTOR;51;M;0;;RUTA 26 km. 303;650934,4996;6461486,958
01/02/2015 06:45;CANELONES;N/C;NACIONAL;DESPISTE;AUTO;CONDUCTOR;24;M;0;;RUTA 5 km. 328;568347,071;6168278,669
01/02/2015 14:45;LAVALLEJA;N/C;NACIONAL;COLISION ENTRE VEHICULOS;MOTO;CONDUCTOR;19;M;0;MOTO;RUTA 8 km. 168;697374,2254;6220501,238
03/02/2015 11:10;MONTEVIDEO;MONTEVIDEO;DEPARTAMENTAL;DESPISTE;AUTO;CONDUCTOR;82;M;1;;JOSE POSSOLO esq. GALVANI;577193,2791;6143901,006
04/02/2015 15:26;MONTEVIDEO;MONTEVIDEO;DEPARTAMENTAL;COLISION ENTRE VEHICULOS;MOTO;PASAJERO;22;M;0;MOTO;AVENIDA LUIS BATLLE BERRES esq. LOMAS DE ZAMORA;562966,8691;6147013,309
04/02/2015 19:12;MONTEVIDEO;MONTEVIDEO;DEPARTAMENTAL;COLISION ENTRE VEHICULOS;MOTO;CONDUCTOR;20;M;0;OMNIBUS;AVENIDA GENERAL FLORES esq. CHIMBORAZO;576883,8851;6143207,399
04/02/2015 22:10;CANELONES;CIUDAD DE LA COSTA;DEPARTAMENTAL;COLISION ENTRE VEHICULOS;BICICLETA;CONDUCTOR;45;M;0;CAMIONETA;AVENIDA CALCAGNO esq. MAXIMA MARRERO;590627,5757;6143675,565
05/02/2015 07:00;COLONIA;RADIAL ROSARIO;NACIONAL;ATROPELLO DE PEATON;PEATON;PEATON;73;M;0;TRACTOR;RUTA 2 km. 122,500;468673,5102;6200497,519
05/02/2015 07:15;MONTEVIDEO;MONTEVIDEO;DEPARTAMENTAL;COLISION ENTRE VEHICULOS;BICICLETA;CONDUCTOR;44;F;0;CAMION;AMEGHINO esq. EMILIO ROMERO;570747,7465;6141571,409
05/02/2015 13:30;FLORIDA;N/C;NACIONAL;COLISION ENTRE VEHICULOS;MOTO;CONDUCTOR;45;M;1;AUTO;RUTA 76 km. 5,500;568078,4708;6207858,499
06/02/2015 07:00;PAYSANDU;N/C;NACIONAL;DESPISTE;CAMIONETA;PASAJERO;42;F;0;;RUTA 3 km. 425;419836,5898;6461276,786
06/02/2015 19:25;SAN JOSE;CIUDAD DEL PLATA;DEPARTAMENTAL;ATROPELLO DE ANIMALES;MOTO;PASAJERO;47;F;9;;BOREAL esq. MALACA;558056,3136;6152362,42
07/02/2015 10:26;MONTEVIDEO;MONTEVIDEO;DEPARTAMENTAL;CAIDA;MOTO;CONDUCTOR;26;M;4;;RAMBLA DOCTOR BALTASAR BRUM esq. RUTA DE ACCESO;571783,8224;6140640,381
08/02/2015 04:15;CANELONES;N/C;NACIONAL;DESPISTE;AUTO;PASAJERO;74;M;0;;RUTA 81 km 96;632582,9629;6182933,621
09/02/2015 04:00;MONTEVIDEO;MONTEVIDEO;DEPARTAMENTAL;COLISION ENTRE VEHICULOS;MOTO;CONDUCTOR;41;M;1;CAMIONETA;AVENIDA MILLAN esq. AVENIDA GENERAL EUGENIO GARZON;571167,1285;6145022,219
09/02/2015 08:00;CANELONES;N/C;NACIONAL;COLISION ENTRE VEHICULOS;MOTO;CONDUCTOR;61;M;0;CAMION;RUTA 12 km. 83,400;608584,9291;6200320,79
10/02/2015 20:57;MONTEVIDEO;MONTEVIDEO;DEPARTAMENTAL;ATROPELLO DE PEATON;PEATON;PEATON;80;F;1;AUTO;MACIEL esq. RAMBLA REPUBLICA DE FRANCIA;572189,416;6136460,231
11/02/2015 06:31;MONTEVIDEO;MONTEVIDEO;DEPARTAMENTAL;COLISION ENTRE VEHICULOS;MOTO;CONDUCTOR;32;M;1;AUTO;BOULEVARD JOSE BATLLE Y ORDO¥EZ esq. PRESIDENTE ORIBE;579314,2288;6138653,067
12/02/2015 23:45;SALTO;SALTO;DEPARTAMENTAL;COLISION ENTRE VEHICULOS;MOTO;CONDUCTOR;15;M;0;MOTO;AVENIDA APOLON DE MIRBEK esq. DOCTOR CHIAZZARO;407742,2437;6529386,098
12/02/2015 23:46;SALTO;SALTO;DEPARTAMENTAL;COLISION ENTRE VEHICULOS;MOTO;CONDUCTOR;20;F;1;MOTO;AVENIDA APOLON DE MIRBEK esq. DOCTOR CHIAZZARO;407742,2437;6529386,098
14/02/2015 06:30;SAN JOSE;SAN JOSE DE MAYO;DEPARTAMENTAL;CAIDA;MOTO;CONDUCTOR;15;M;1;;AVENIDA MANUEL J. RODRIGUEZ esq. ESPINOLA;525841,3286;6200804,931
14/02/2015 13:10;MONTEVIDEO;MONTEVIDEO;DEPARTAMENTAL;ATROPELLO DE PEATON;PEATON;PEATON;61;M;0;OMNIBUS;AVENIDA GENERAL EUGENIO GARZON esq. AVENIDA LEZICA;571080,0437;6148354,783
14/02/2015 19:15;CANELONES;N/C;NACIONAL;CAIDA;MOTO;CONDUCTOR;50;M;0;;RUTA 5 km. 31,900;570675,1016;6164479,535
14/02/2015 19:15;ROCHA;N/C;NACIONAL;DESPISTE;AUTO;CONDUCTOR;89;M;0;;RUTA 16 km. 17;791243,1329;6216125,208
15/02/2015 07:30;CANELONES;N/C;NACIONAL;COLISION ENTRE VEHICULOS;MOTO;CONDUCTOR;35;M;12;MOTO;RUTA 36 km. 37;559365,9658;6169117,544
15/02/2015 06:40;COLONIA;FOMENTO;NACIONAL;ATROPELLO DE PEATON;PEATON;PEATON;32;M;0;CAMIONETA;RUTA 51 km. 128;476734,8578;6190746,81
14/02/2015 20:30;COLONIA;N/C;DEPARTAMENTAL;CAIDA;MOTO;PASAJERO;45;M;1;;RUTA 61 km. 20;476141,2043;6207455,608
17/02/2015 03:35;CERRO LARGO;N/C;NACIONAL;DESPISTE;AUTO;CONDUCTOR;56;M;0;;RUTA 18 km. 10;845405,7553;6377468,112
17/02/2015 06:00;ROCHA;N/C;NACIONAL;CAIDA;MOTO;CONDUCTOR;42;M;0;;RUTA 9 km. 264,800;788307,2788;6211187,118
16/02/2015 06:00;CANELONES;HIPODROMO;DEPARTAMENTAL;DESPISTE;CAMIONETA;CONDUCTOR;65;M;2;;RUTA 65 km. 37,500;594741,5236;6159096,066
17/02/2015 16:30;FLORIDA;N/C;NACIONAL;COLISION ENTRE VEHICULOS;MOTO;CONDUCTOR;39;M;0;AUTO;RUTA 5 km. 108;569888,4002;6234232,342
16/02/2015 11:45;ROCHA;N/C;NACIONAL;CAIDA;MOTO;CONDUCTOR;51;M;2;;RUTA 15 km. 121 - curva de los palos blancos;760070,8038;6273085,984
18/02/2015 06:00;DURAZNO;N/C;NACIONAL;DESPISTE;CAMION;PASAJERO;31;F;0;;RUTA 5 km. 186;545458,9366;6307268,698
19/02/2015 06:45;FLORES;N/C;NACIONAL;COLISION ENTRE VEHICULOS;AUTO;CONDUCTOR;49;M;0;CAMION;RUTA 3 km. 242;485776,5545;6332851,63
19/02/2015 17:26;MONTEVIDEO;MONTEVIDEO;DEPARTAMENTAL;ATROPELLO DE PEATON;PEATON;PEATON;85;F;3;CAMIONETA;MALDONADO esq. DOCTOR BARRIOS AMORIN;574520,0101;6136726,684
21/02/2015 17:30;RIVERA;N/C;NACIONAL;DESPISTE;AUTO;PASAJERO;83;F;1;;RUTA 30 km. 242 ;598244,2876;6559649,5
21/02/2015 20:30;FLORIDA;FLORIDA;DEPARTAMENTAL;COLISION ENTRE VEHICULOS;MOTO;CONDUCTOR;39;M;1;MOTO;CORALIO LACOSTA esq. GENERAL FLORES;572987,6259;6226884,568
22/02/2015 15:00;RIO NEGRO;YOUNG;DEPARTAMENTAL;CAIDA;MOTO;PASAJERO;79;M;0;;VEINTICINCO DE AGOSTO esq. DIECINUEVE DE ABRIL;441323,9263;6381718,552
23/02/2015 09:45;MONTEVIDEO;MONTEVIDEO;DEPARTAMENTAL;ATROPELLO DE PEATON;PEATON;PEATON;86;M;0;AUTO;AVENIDA GENERAL FLORES esq. CONSULADO;575533,4887;6141159,899
19/02/2015 14:45;MALDONADO;N/C;NACIONAL;DESPISTE;CAMIONETA;CONDUCTOR;66;F;0;;RUTA 39 km. 68,600;703060,9557;6194258,891
24/02/2015 06:00;SAN JOSE;N/C;NACIONAL;COLISION ENTRE VEHICULOS;MOTO;CONDUCTOR;72;M;0;CAMIONETA;RUTA 11 km. 18;498666,3045;6200206,899
24/02/2015 13:10;PAYSANDU;PAYSANDU;DEPARTAMENTAL;COLISION ENTRE VEHICULOS;MOTO;CONDUCTOR;41;M;3;AUTO;TREINTA Y TRES ORIENTALES esq. LARRA¥AGA;397918,0876;6424657,195
24/02/2015 21:40;CERRO LARGO;N/C;NACIONAL;ATROPELLO DE PEATON;PEATON;PEATON;52;F;0;CAMIONETA;RUTA 7 Km 313,500;715950,163;6368884,491
25/02/2015 13:00;CANELONES;CANELONES;DEPARTAMENTAL;COLISION CON OBSTACULO;MOTO;CONDUCTOR;65;M;0;;TREINTA Y TRES esq. MARIA STAGNERO DE MUNAR;565999,1478;6179817,704
26/02/2015 08:30;ROCHA;N/C;DEPARTAMENTAL;DESPISTE;CAMIONETA;PASAJERO;59;M;1;;CAMINO EL CHIMANGO;760307,1184;6262292,616
27/02/2015 22:50;CANELONES;CIUDAD DE LA COSTA;DEPARTAMENTAL;CAIDA;MOTO;CONDUCTOR;67;F;6;;ARIEL esq. JOSE ENRIQUE RODO;594463,9013;6144607,53
02/03/2015 19:50;MONTEVIDEO;MONTEVIDEO;DEPARTAMENTAL;ATROPELLO DE PEATON;PEATON;PEATON;87;M;0;AUTO;RAMBLA REPUBLICA DE FRANCIA esq. ZABALA;572555,6788;6136589,711
02/03/2015 14:30;CANELONES;N/C;NACIONAL;ATROPELLO DE PEATON;PEATON;PEATON;10;M;1;CAMIONETA;RUTA 12 KM. 95;626731,9425;6198823,181
05/03/2015 11:45;CANELONES;PROGRESO;DEPARTAMENTAL;COLISION ENTRE VEHICULOS;BICICLETA;CONDUCTOR;90;M;4;MOTO;AVENIDA JOSE ARTIGAS esq. ARAUCARIA;570807,587;6164345,181
05/03/2015 11:50;COLONIA;CARMELO;DEPARTAMENTAL;COLISION ENTRE VEHICULOS;MOTO;CONDUCTOR;30;M;0;CAMION;DOCTOR EDUARDO IRASTORZA esq. TREINTA Y TRES;380440,6199;6237454,965
05/03/2015 06:30;CANELONES;PANDO;DEPARTAMENTAL;COLISION ENTRE VEHICULOS;MOTO;PASAJERO;25;F;1;CAMION;RUTA 75 esq. VENEZUELA;594741,5236;6159096,066
07/03/2015 19:16;CANELONES;N/C;NACIONAL;CAIDA;MOTO;CONDUCTOR;25;M;0;;RUTA 81 km. 4;558039,9124;6187532,657
08/03/2015 21:14;CANELONES;PASO DE CARRASCO;DEPARTAMENTAL;COLISION ENTRE VEHICULOS;MOTO;PASAJERO;19;F;0;AUTO;AVENIDA WILSON FERREIRA ALDUNATE esq. AVENIDA DEL LAGO;586640,3565;6141936,063
09/03/2015 11:40;CERRO LARGO;MELO;DEPARTAMENTAL;ATROPELLO DE PEATON;PEATON;PEATON;68;F;1;MOTO;DIECIOCHO DE JULIO esq. JOSE ENRIQUE RODO;766554,8451;6415368,751
10/03/2015 20:45;MONTEVIDEO;MONTEVIDEO;DEPARTAMENTAL;COLISION ENTRE VEHICULOS;BICICLETA;CONDUCTOR;64;M;1;OMNIBUS;AVENIDA DOCTOR CARLOS MARIA RAMIREZ esq. FILIPINAS;567525,9143;6140517,363
11/03/2015 12:10;MONTEVIDEO;MONTEVIDEO;DEPARTAMENTAL;COLISION ENTRE VEHICULOS;MOTO;CONDUCTOR;69;M;1;AUTO;AVENIDA DOCTOR AMERICO RICALDONI esq. AVENIDA INGENIERO LUIS PONCE;576918,6153;6137939,443
11/03/2015 21:30;CANELONES;LAS PIEDRAS;DEPARTAMENTAL;COLISION ENTRE VEHICULOS;MOTO;CONDUCTOR;71;M;2;MOTO;COLONIA esq. DIECIOCHO DE MAYO;572084,381;6155945,097
12/03/2015 17:46;MONTEVIDEO;MONTEVIDEO;DEPARTAMENTAL;ATROPELLO DE PEATON;PEATON;PEATON;13;F;0;OMNIBUS;AVENIDA LUIS BATLLE BERRES esq. CAMINO DE LOS ORIENTALES;563297,7103;6146802,069
13/03/2015 17:30;MONTEVIDEO;MONTEVIDEO;NACIONAL;COLISION ENTRE VEHICULOS;MOTO;CONDUCTOR;61;M;0;AUTO;RUTA DE ACCESO km. 3,500;569829,2441;6140748,694
14/03/2015 16:45;ARTIGAS;FRANQUIA;NACIONAL;ATROPELLO DE PEATON;PEATON;PEATON;74;M;1;MOTO;RUTA 3 km.;443808,9916;6654007,702
15/03/2015 07:30;DURAZNO;N/C;NACIONAL;DESPISTE;CAMIONETA;CONDUCTOR;34;M;0;;RUTA 5 km. 209;550588,4517;6329045,401
16/03/2015 18:15;TACUAREMBO;TACUAREMBO;DEPARTAMENTAL;COLISION ENTRE VEHICULOS;BICICLETA;CONDUCTOR;75;M;23;MOTO;GENERAL MANUEL ORIBE esq. ITUZAINGO;596103,6407;6491429,739
17/03/2015 11:00;MONTEVIDEO;MONTEVIDEO;DEPARTAMENTAL;COLISION ENTRE VEHICULOS;MOTO;CONDUCTOR;20;M;1;CAMION;CAMINO MALDONADO esq. OSVALDO CRUZ;579926,0762;6143711,393
17/03/2015 14:47;CANELONES;CANELONES;DEPARTAMENTAL;COLISION ENTRE VEHICULOS;MOTO;CONDUCTOR;19;M;0;CAMION;FRANCISCO ACU¥A DE FIGUEROA esq. GENERAL APARICIO SARAVIA;566212,0698;6178809,683
19/03/2015 07:10;FLORIDA;FLORIDA;DEPARTAMENTAL;COLISION ENTRE VEHICULOS;MOTO;CONDUCTOR;49;F;1;AUTO;DOCTOR ELIAS REGULES esq. NACIONAL F. SANCHEZ;570421,8848;6227028,741
19/03/2015 20:25;DURAZNO;DURAZNO;DEPARTAMENTAL;CAIDA;CARRO;PASAJERO;32;M;26;;CAMINO HORNOS a 500 m al norte de MATIAS DEL RIO;542987,4587;6307889,676
21/03/2015 05:50;MALDONADO;SAN CARLOS;DEPARTAMENTAL;DESPISTE;MOTO;CONDUCTOR;43;M;1;;AVENIDA JOSE ENRIQUE RODO esq. CUATRO DE OCTUBRE;689228,5248;6147910,132
21/03/2015 05:50;MALDONADO;SAN CARLOS;DEPARTAMENTAL;DESPISTE;MOTO;PASAJERO;30;F;0;;AVENIDA JOSE ENRIQUE RODO esq. CUATRO DE OCTUBRE;689228,5248;6147910,132
22/03/2015 16:50;MONTEVIDEO;MONTEVIDEO;DEPARTAMENTAL;COLISION ENTRE VEHICULOS;MOTO;CONDUCTOR;46;M;0;AUTO;AVENIDA OCHO DE OCTUBRE esq. PERNAS;578219,5024;6140254,367
22/03/2015 19:45;CANELONES;BARRIO COPOLA;DEPARTAMENTAL;ATROPELLO DE PEATON;PEATON;PEATON;35;M;0;CAMIONETA;CAMINO ALDABALDE esq. CALLE DIECISIETE METROS;569352,4187;6154165,033
23/03/2015 18:00;MONTEVIDEO;MONTEVIDEO;DEPARTAMENTAL;COLISION ENTRE VEHICULOS;MOTO;CONDUCTOR;37;M;0;CAMION;CAMINO TOMKINSON esq. CAMINO CIBILS;566295,425;6144638,883
24/03/2015 12:44;MONTEVIDEO;MONTEVIDEO;DEPARTAMENTAL;COLISION ENTRE VEHICULOS;MOTO;CONDUCTOR;42;F;0;CAMIONETA;CAMINO CIBILS esq. BELGICA;567144,58;6139842,604
24/03/2015 22:20;MONTEVIDEO;MONTEVIDEO;DEPARTAMENTAL;COLISION ENTRE VEHICULOS;AUTO;CONDUCTOR;58;M;10;OMNIBUS;AVENIDA JOSE BELLONI esq. AVENIDA GENERAL FLORES;578537,8915;6145632,75
25/03/2015 06:00;MALDONADO;MALDONADO;DEPARTAMENTAL;COLISION ENTRE VEHICULOS;MOTO;CONDUCTOR;23;F;1;CAMIONETA;BOULEVARD GENERAL JOSE G. ARTIGAS esq. DOCTOR ROMAN BERGALLI;687485,3194;6135607,027
25/03/2015 07:25;MONTEVIDEO;MONTEVIDEO;DEPARTAMENTAL;COLISION ENTRE VEHICULOS;MOTO;CONDUCTOR;27;M;0;AUTO;RAMBLA O HIGGINS esq. MISSOURI;582656,7658;6138092,158
25/03/2015 09:55;MONTEVIDEO;MONTEVIDEO;DEPARTAMENTAL;ATROPELLO DE PEATON;PEATON;PEATON;61;F;1;AUTO;CAMINO MALDONADO esq. FLORENCIA;581107,4951;6144909,97
25/03/2015 19:00;RIVERA;N/C;NACIONAL;COLISION ENTRE VEHICULOS;MOTO;CONDUCTOR;52;M;0;CAMIONETA;RUTA 5 km. 488;634616,3141;6569397,751
26/03/2015 09:37;CANELONES;SALINAS;NACIONAL;ATROPELLO DE PEATON;PEATON;PEATON;74;M;1;CAMIONETA;RUTA INTERBALNEARIA km. 38,300;606148,5209;6151313,345
27/03/2015 01:30;COLONIA;N/C;DEPARTAMENTAL;COLISION CON OBSTACULO;MOTO;CONDUCTOR;40;M;1;;ZAPICAN esq. A AGUAS CORRIENTES;459906,8239;6190904,879
27/03/2015 19:50;MONTEVIDEO;MONTEVIDEO;DEPARTAMENTAL;ATROPELLO DE PEATON;PEATON;PEATON;32;M;0;OMNIBUS;RAMBLA REPUBLICA DEL PERU esq. MANUEL VICENTE PAGOLA;578186,8331;6136567,971
27/03/2015 18:05;MONTEVIDEO;MONTEVIDEO;NACIONAL;COLISION ENTRE VEHICULOS;MOTO;CONDUCTOR;23;M;0;CAMIONETA;AVENIDA DOCTOR CARLOS MARIA RAMIREZ esq. LEONARDO OLIVERA;569268,0959;6141025,253
27/03/2015 19:30;CERRO LARGO;RIO BRANCO;DEPARTAMENTAL;CAIDA;MOTO;CONDUCTOR;45;M;1;;AVENIDA CENTENARIO esq. JOSE HILARIO URIARTE;839324,8243;6388027,133
28/03/2015 02:00;SALTO;SALTO;DEPARTAMENTAL;CAIDA;MOTO;CONDUCTOR;20;M;1;;AVENIDA WILSON FERREIRA ALDUNATE esq. AVENIDA MANUEL PATULE;410054,1031;6524583,011
27/03/2015 23:40;MONTEVIDEO;MONTEVIDEO;DEPARTAMENTAL;COLISION ENTRE VEHICULOS;AUTO;CONDUCTOR;59;F;0;AUTO;IGUA esq. MATAOJO;580507,8006;6139786,387
28/03/2015 19:50;FLORIDA;N/C;DEPARTAMENTAL;DESPISTE;CAMIONETA;CONDUCTOR;60;M;0;;CAMINO VECINAL PARAJE PIEDRAS COLORADAS;563400,8975;6269933,85
28/03/2015 15:30;SORIANO;N/C;NACIONAL;COLISION ENTRE VEHICULOS;MOTO;CONDUCTOR;29;M;0;AUTO;RUTA 21 km. 284;373568,5691;6257956,576
29/03/2015 14:00;CANELONES;N/C;NACIONAL;CAIDA;MOTO;CONDUCTOR;19;M;1;;RUTA 33 km. 21,800;581521,1728;6154322,864
30/03/2015 19:30;MONTEVIDEO;MONTEVIDEO;NACIONAL;COLISION ENTRE VEHICULOS;MOTO;PASAJERO;30;M;0;AUTO;RAMBLA DOCTOR BALTASAR BRUM esq. DOCE DE DICIEMBRE;572458,4555;6140250,95
31/03/2015 07:15;CANELONES;N/C;NACIONAL;COLISION ENTRE VEHICULOS;MOTO;CONDUCTOR;20;M;0;CAMION;RUTA 5 km. 33;568284,5174;6168453,861
31/03/2015 17:28;PAYSANDU;PAYSANDU;DEPARTAMENTAL;COLISION ENTRE VEHICULOS;MOTO;CONDUCTOR;14;M;1;CAMION;WILSON FERREIRA ALDUNATE esq. CALLE 99;401126,2112;6424503,435
31/03/2015 18:00;CANELONES;NEPTUNIA;DEPARTAMENTAL;COLISION ENTRE VEHICULOS;MOTO;CONDUCTOR;49;M;1;MOTO;ZAPICAN esq. LOS HORNEROS;603585,9672;6152113,737
02/04/2015 20:05;TACUAREMBO;PASO DE LOS TOROS;DEPARTAMENTAL;COLISION ENTRE VEHICULOS;MOTO;CONDUCTOR;30;M;1;MOTO;DIECIOCHO DE JULIO esq. VENANCIO BALSAMO;545026,7197;6369579,525
02/04/2015 19:00;SALTO;SALTO;DEPARTAMENTAL;COLISION ENTRE VEHICULOS;MOTO;CONDUCTOR;41;M;0;CAMIONETA;AVENIDA PASCUAL HARRIAGUE esq. DOCTOR WASHINGTON BELTRAN;409331,5564;6525964,641
03/04/2015 01:00;CANELONES;SAN LUIS;DEPARTAMENTAL;DESPISTE;CAMIONETA;PASAJERO;31;M;1;;GENERAL SIMON BOLIVAR esq. DIAGONAL ARGENTINA;630745,428;6150374,172
03/04/2015 18:10;MALDONADO;N/C;NACIONAL;COLISION ENTRE VEHICULOS;MOTO;CONDUCTOR;61;M;2;AUTO;RUTA INTERBALNEARIA km. 123;675887,9211;6139307,445
04/04/2015 23:30;MONTEVIDEO;MONTEVIDEO;DEPARTAMENTAL;CAIDA;MOTO;CONDUCTOR;28;M;0;;DOCTOR JOSE MARIA SILVA esq. RAMBLA COSTANERA;574492,0743;6144126,666
05/04/2015 06:45;CERRO LARGO;N/C;NACIONAL;COLISION ENTRE VEHICULOS;AUTO;CONDUCTOR;77;M;1;AUTO;RUTA 8 km. 430;768134,3924;6445332,881
05/04/2015 06:45;CERRO LARGO;N/C;NACIONAL;COLISION ENTRE VEHICULOS;AUTO;PASAJERO;73;F;0;AUTO;RUTA 8 km. 430;768134,3924;6445332,881
05/04/2015 14:35;CANELONES;CIUDAD DE LA COSTA;DEPARTAMENTAL;COLISION ENTRE VEHICULOS;BICICLETA;CONDUCTOR;75;M;0;AUTO;RAMBLA COSTANERA esq. CALLE 70;594580,6105;6144074,232
05/04/2015 19:00;SORIANO;N/C;NACIONAL;DESPISTE;CAMIONETA;PASAJERO;57;M;0;;RUTA 2 km. 215;445539,9905;6274708,77
06/04/2015 01:55;FLORES;TRINIDAD;DEPARTAMENTAL;DESPISTE;AUTO;CONDUCTOR;24;M;1;;PANCHO LOPEZ esq. APARICIO SARAVIA;509466,4588;6290216,062
06/04/2015 09:25;MONTEVIDEO;MONTEVIDEO;DEPARTAMENTAL;COLISION ENTRE VEHICULOS;MOTO;CONDUCTOR;20;F;0;OMNIBUS;CARLOS OTT esq. CAMINO COLMAN;569845,5987;6148358,241
07/04/2015 17:50;MONTEVIDEO;MONTEVIDEO;NACIONAL;ATROPELLO DE PEATON;PEATON;PEATON;85;M;6;AUTO;RUTA DE ACCESO esq. CAMAMBU;569910,0397;6140832,701
08/04/2015 16:50;PAYSANDU;N/C;NACIONAL;COLISION ENTRE VEHICULOS;MOTO;CONDUCTOR;86;M;1;CAMION;RUTA 3 km. 364,900;406387,6045;6410443,867
09/04/2015 12:00;MONTEVIDEO;MONTEVIDEO;DEPARTAMENTAL;COLISION ENTRE VEHICULOS;MOTO;CONDUCTOR;36;M;1;OMNIBUS;RANCAGUA esq. SANTIAGO FIGUEREDO;575827,2529;6144047,818
10/04/2015 03:00;TACUAREMBO;TACUAREMBO;DEPARTAMENTAL;DESPISTE;MOTO;CONDUCTOR;50;M;1;;DIECIOCHO DE JULIO esq. AGUSTIN TORRES MEDEIROS;595165,2356;6489509,848
11/04/2015 08:00;DURAZNO;DURAZNO;DEPARTAMENTAL;DESPISTE;MOTO;CONDUCTOR;31;M;4;;AV. CIRCUNVALACION esq. ARROSPIDE;543604,2037;6306651,424
11/04/2015 05:02;MONTEVIDEO;MONTEVIDEO;DEPARTAMENTAL;DESPISTE;MOTO;CONDUCTOR;18;M;0;;JOSE MARMOL esq. AMEGHINO;570171,1811;6142170,904
11/04/2015 21:15;MONTEVIDEO;MONTEVIDEO;DEPARTAMENTAL;ATROPELLO DE PEATON;MOTO;PASAJERO;21;M;15;MOTO;CAMINO CARLOS LOPEZ esq. RUTA CESAR MAYO GUTIERREZ;570946,9732;6149535,451
11/04/2015 18:59;MONTEVIDEO;MONTEVIDEO;DEPARTAMENTAL;COLISION ENTRE VEHICULOS;MOTO;CONDUCTOR;31;M;1;AUTO;GRECIA esq. JAPON;568436,6649;6140553,928
12/04/2015 19:40;RIO NEGRO;N/C;NACIONAL;COLISION ENTRE VEHICULOS;AUTO;CONDUCTOR;22;M;0;CAMION;RUTA 2 km. 301;387204,0761;6329626,283
13/04/2015 19:40;ROCHA;N/C;DEPARTAMENTAL;COLISION ENTRE VEHICULOS;MOTO;PASAJERO;39;F;0;CAMIONETA;CAMINO DE ACCESO A LA BARRA Km 4,800;830777,1781;6259240,906
16/04/2015 19:00;SAN JOSE;CIUDAD DEL PLATA;DEPARTAMENTAL;COLISION ENTRE VEHICULOS;MOTO;CONDUCTOR;31;M;0;CAMION;ESPA¥A esq. ALMERIA;555073,0986;6153315,32
17/04/2015 12:30;FLORIDA;FRAY MARCOS;DEPARTAMENTAL;ATROPELLO DE PEATON;PEATON;PEATON;64;M;0;CAMION;UTE 3 esq. FLORIDA y RUTA 7;616964,5592;6215479,836
17/04/2015 12:50;ROCHA;N/C;NACIONAL;DESPISTE;AUTO;PASAJERO;28;F;0;;RUTA 9 km. 300,700;816654,7498;6231684,019
17/04/2015 12:50;ROCHA;N/C;NACIONAL;DESPISTE;AUTO;PASAJERO;26;F;0;;RUTA 9 km. 300,700;816654,7498;6231684,019
18/04/2015 05:40;COLONIA;NUEVA HELVECIA;DEPARTAMENTAL;COLISION ENTRE VEHICULOS;MOTO;CONDUCTOR;21;M;0;AUTO;BERNA esq. TREINTA Y TRES;478523,7405;6206303,44
18/04/2015 12:50;MONTEVIDEO;MONTEVIDEO;DEPARTAMENTAL;COLISION ENTRE VEHICULOS;BICICLETA;CONDUCTOR;57;M;0;CAMIONETA;CAMINO MALDONADO esq. MARBELLA;581634,7508;6145717,714
18/04/2015 00:00;CANELONES;CIUDAD DE LA COSTA;DEPARTAMENTAL;COLISION ENTRE VEHICULOS;BICICLETA;CONDUCTOR;75;F;13;MOTO;MONTES esq. ALEJANDRO PEON;597363,1273;6147617,497
21/04/2015 08:30;SALTO;N/C;NACIONAL;COLISION ENTRE VEHICULOS;MOTO;CONDUCTOR;46;M;0;CAMIONETA;RUTA 3 km. 528,500;431152,8872;6559914,272
21/04/2015 16:45;RIVERA;PARAJE AMARILLO;DEPARTAMENTAL;DESPISTE;MOTO;CONDUCTOR;48;M;1;;CAMINO VECINAL DE PARAJE AMARILLO;680164,7643;6501940,724
22/04/2015 05:30;CERRO LARGO;N/C;NACIONAL;COLISION ENTRE VEHICULOS;MOTO;CONDUCTOR;28;M;1;MOTO;RUTA 26 km. 3,200;771428,3622;6413702,332
22/04/2015 16:30;MONTEVIDEO;MONTEVIDEO;DEPARTAMENTAL;COLISION CON OBSTACULO;BICICLETA;CONDUCTOR;15;F;5;CAMION;CAMINO GEMINIS esq. CAPRICORNIO;581902,7874;6145441,464
24/04/2015 14:05;MONTEVIDEO;MONTEVIDEO;DEPARTAMENTAL;COLISION ENTRE VEHICULOS;MOTO;CONDUCTOR;61;M;3;CAMIONETA;AVENIDA GENERAL RIVERA esq. COLOMBES;580775,2645;6138443,257
25/04/2015 17:15;CANELONES;CANELONES;DEPARTAMENTAL;ATROPELLO DE PEATON;PEATON;PEATON;83;F;0;TREN;AV.RIVERA esq. No encontrada;565951,8828;6180084,161
25/04/2015 19:00;CANELONES;N/C;NACIONAL;COLISION ENTRE VEHICULOS;MOTO;CONDUCTOR;14;M;0;CAMIONETA;RUTA 36 km. 31;562899,7681;6165726,959
25/04/2015 19:05;PAYSANDU;PAYSANDU;DEPARTAMENTAL;COLISION ENTRE VEHICULOS;MOTO;CONDUCTOR;44;M;0;;COSTA RICA esq. PROYECTADA 86 NORTE;399095,624;6427984,727
27/04/2015 15:10;COLONIA;N/C;NACIONAL;DESPISTE;CAMIONETA;CONDUCTOR;70;M;0;;RUTA 53 km. 1,700;482018,8653;6218380,993
27/04/2015 21:00;PAYSANDU;N/C;NACIONAL;COLISION ENTRE VEHICULOS;MOTO;CONDUCTOR;50;M;1;CAMIONETA;RUTA 90 km. 48,500;442289,2219;6416234,916
27/04/2015 22:10;CANELONES;N/C;NACIONAL;COLISION ENTRE VEHICULOS;CAMIONETA;CONDUCTOR;74;M;0;AUTO;RUTA 66 km. 24,100;578487,5513;6158496,73
28/04/2015 22:35;MALDONADO;MALDONADO;DEPARTAMENTAL;DESPISTE;AUTO;CONDUCTOR;18;F;1;;AVENIDA DEL CABILDO esq. ANTONIO CORTES;686443,0474;6134030,086
29/04/2015 09:19;SORIANO;DOLORES;DEPARTAMENTAL;COLISION ENTRE VEHICULOS;MOTO;CONDUCTOR;55;M;1;MOTO;BOTINELLI esq. LOPEZ CRESPO;387010,9725;6288741,57
30/04/2015 21:41;MONTEVIDEO;MONTEVIDEO;DEPARTAMENTAL;COLISION ENTRE VEHICULOS;MOTO;CONDUCTOR;37;M;0;AUTO;GENERAL AGUSTIN MU¥OZ esq. ADOLFO VAILLANT;569586,7376;6142324,604
02/05/2015 00:55;MALDONADO;N/C;DEPARTAMENTAL;COLISION ENTRE VEHICULOS;MOTO;CONDUCTOR;33;M;0;MOTO;CAMINO PANTANAL;686004,826;6139558,801
02/05/2015 00:55;MALDONADO;N/C;DEPARTAMENTAL;COLISION ENTRE VEHICULOS;MOTO;CONDUCTOR;31;M;1;MOTO;CAMINO PANTANAL;686004,826;6139558,801
03/05/2015 09:10;MALDONADO;PIRIAPOLIS;DEPARTAMENTAL;DESPISTE;AUTO;CONDUCTOR;21;M;1;;RUTA 37 esq. GABOTO;658125,6244;6142733,519
03/05/2015 11:40;TACUAREMBO;TACUAREMBO;DEPARTAMENTAL;CAIDA;BICICLETA;CONDUCTOR;49;M;6;;GENERAL MANUEL ORIBE esq. WASHINGTON BELTRAN;595896,7087;6491210,102
05/05/2015 22:03;CANELONES;N/C;NACIONAL;COLISION ENTRE VEHICULOS;MOTO;CONDUCTOR;53;M;0;CAMIONETA;RUTA 101 km. 30;594160,359;6154164,6
06/05/2015 08:22;MONTEVIDEO;MONTEVIDEO;DEPARTAMENTAL;COLISION ENTRE VEHICULOS;CAMIONETA;CONDUCTOR;26;M;0;AUTO;JOSE ANTONIO CABRERA esq. FELIPE SANGUINETTI;578166,104;6139971,04
08/05/2015 19:00;CANELONES;N/C;DEPARTAMENTAL;COLISION ENTRE VEHICULOS;MOTO;CONDUCTOR;18;M;0;AUTO;CAMINO LOS AROMOS esq. CAMINO VENTURA;590554,0761;6150367,873
09/05/2015 05:35;SAN JOSE;N/C;NACIONAL;CAIDA;MOTO;CONDUCTOR;23;M;0;;RUTA 1 km. 85,700;507945,1873;6187607,582
09/05/2015 05:50;CANELONES;MONTES DE SOLYMAR;DEPARTAMENTAL;COLISION ENTRE VEHICULOS;AUTO;CONDUCTOR;23;F;0;CAMION;AVENIDA INGENIERO LUIS GIANNATTASIO esq. AVENIDA HORACIO GARCIA LAGOS;595571,5983;6146421,313
09/05/2015 05:50;CANELONES;MONTES DE SOLYMAR;DEPARTAMENTAL;COLISION ENTRE VEHICULOS;AUTO;PASAJERO;23;F;0;CAMION;AVENIDA INGENIERO LUIS GIANNATTASIO esq. AVENIDA HORACIO GARCIA LAGOS;595571,5983;6146421,313
09/05/2015 05:50;CANELONES;MONTES DE SOLYMAR;DEPARTAMENTAL;COLISION ENTRE VEHICULOS;AUTO;PASAJERO;27;M;0;CAMION;AVENIDA INGENIERO LUIS GIANNATTASIO esq. AVENIDA HORACIO GARCIA LAGOS;595571,5983;6146421,313
10/05/2015 05:45;MONTEVIDEO;MONTEVIDEO;DEPARTAMENTAL;COLISION ENTRE VEHICULOS;MOTO;CONDUCTOR;52;M;1;AUTO;AVENIDA MILLAN esq. VILARDEBO;574256,7346;6140372,951
10/05/2015 21:00;ARTIGAS;BELLA UNION;DEPARTAMENTAL;ATROPELLO DE PEATON;PEATON;PEATON;3;M;1;MOTO;CAMINO FRANQUIA;443484,1924;6653553,293
10/05/2015 13:50;MONTEVIDEO;MONTEVIDEO;DEPARTAMENTAL;COLISION ENTRE VEHICULOS;MOTO;CONDUCTOR;52;M;23;AUTO;CAMINO CORRALES esq. TORRICELLI;576640,614;6143933,403
11/05/2015 18:30;MALDONADO;MALDONADO;DEPARTAMENTAL;ATROPELLO DE PEATON;PEATON;PEATON;80;F;11;MOTO;DIECIOCHO DE JULIO esq. TRES DE FEBRERO;686495,4419;6134732,875
08/05/2015 15:08;SORIANO;N/C;NACIONAL;DESPISTE;CAMIONETA;PASAJERO;0;F;0;;RUTA 105 km. 44,500;426074,9695;6292699,764
15/05/2015 16:30;MONTEVIDEO;MONTEVIDEO;DEPARTAMENTAL;COLISION ENTRE VEHICULOS;MOTO;CONDUCTOR;18;M;1;OMNIBUS;MANUEL CALLEROS esq. GRONARDO;579109,7899;6142791,893
16/05/2015 13:30;SALTO;SALTO;DEPARTAMENTAL;COLISION ENTRE VEHICULOS;MOTO;CONDUCTOR;36;M;0;AUTO;AVENIDA SOLARI esq. PASCUAL HARRIAGUE;407654,649;6524323,264
16/05/2015 17:32;MONTEVIDEO;MONTEVIDEO;DEPARTAMENTAL;ATROPELLO DE PEATON;PEATON;PEATON;43;M;1;MOTO;RAMBLA PRESIDENTE WILSON esq. RAMBLA MAHATMA GANDHI;576598,7104;6134500,008
16/05/2015 14:10;MONTEVIDEO;MONTEVIDEO;NACIONAL;COLISION ENTRE VEHICULOS;MOTO;PASAJERO;32;M;0;CAMION;RUTA 8 km. 18,500;586677,9285;6151352,898
17/05/2015 00:00;PAYSANDU;LORENZO GEYRES;DEPARTAMENTAL;ATROPELLO DE PEATON;MOTO;CONDUCTOR;18;M;0;;TACUAREMBO esq. GUAVIYU;413326,4191;6450158,676
16/05/2015 20:40;CANELONES;SAN BAUTISTA;NACIONAL;COLISION ENTRE VEHICULOS;MOTO;CONDUCTOR;22;M;1;CAMIONETA;RUTA 6 km. 63;595145,6829;6188613,818
16/05/2015 20:30;SAN JOSE;N/C;DEPARTAMENTAL;COLISION ENTRE VEHICULOS;BICICLETA;CONDUCTOR;43;M;0;AUTO;CAMINO MAURICIO  a 1 km. de RUTA 1;531075,6287;6167996,844
17/05/2015 05:30;MONTEVIDEO;MONTEVIDEO;DEPARTAMENTAL;COLISION ENTRE VEHICULOS;MOTO;CONDUCTOR;49;M;5;AUTO;JOSE LLUPES esq. JUAN PANDIANI;571087,0841;6142773,597
17/05/2015 08:00;CANELONES;HIPODROMO;NACIONAL;CAIDA;MOTO;CONDUCTOR;23;M;1;;RUTA 75 km. 33,500;594741,5236;6159096,066
18/05/2015 18:19;CANELONES;MEDANOS DE SOLIMAR;DEPARTAMENTAL;COLISION ENTRE VEHICULOS;MOTO;CONDUCTOR;60;F;1;MOTO;AVENIDA INGENIERO LUIS GIANNATTASIO esq. AVENIDA CENTRAL;598025,1509;6148003,293
22/05/2015 16:00;ROCHA;CHUY;DEPARTAMENTAL;COLISION ENTRE VEHICULOS;MOTO;CONDUCTOR;N;M;0;CAMION;SAMUEL PRILIAC esq. TITO FERNANDEZ;829051,0787;6266087,14
22/05/2015 12:10;MONTEVIDEO;MONTEVIDEO;NACIONAL;ATROPELLO DE PEATON;PEATON;PEATON;63;M;0;AUTO;RUTA 5 KM 1,600;567956,8109;6142109,894
24/05/2015 17:15;CANELONES;CANELONES;DEPARTAMENTAL;ATROPELLO DE PEATON;PEATON;PEATON;10;M;1;AUTO;DOCTOR CRISTOBAL CENDAN esq. LAURELES;565430,8328;6180423,767
25/05/2015 18:15;MONTEVIDEO;MONTEVIDEO;DEPARTAMENTAL;COLISION ENTRE VEHICULOS;MOTO;CONDUCTOR;16;M;0;AUTO;CONCILIACION esq. DOCTOR VAZQUEZ SAGASTUME;571260,1235;6141636,276
30/05/2015 12:31;MONTEVIDEO;MONTEVIDEO;DEPARTAMENTAL;ATROPELLO DE PEATON;PEATON;PEATON;1;M;0;AUTO;HUDSON esq. ALBERICO PASSADORE;571256,354;6148028,849
30/05/2015 10:24;MONTEVIDEO;MONTEVIDEO;DEPARTAMENTAL;ATROPELLO DE PEATON;PEATON;PEATON;2;F;1;CAMION;MATAOJO esq. IGUA;580507,8006;6139786,387
30/05/2015 16:00;MALDONADO;N/C;NACIONAL;COLISION ENTRE VEHICULOS;AUTO;CONDUCTOR;20;M;0;CAMION;RUTA 9 km. 131;688305,1128;6152599,343
30/05/2015 16:00;MALDONADO;N/C;NACIONAL;COLISION ENTRE VEHICULOS;CAMION;CONDUCTOR;26;M;0;AUTO;RUTA 9 km. 131;688305,1128;6152599,343
31/05/2015 20:00;PAYSANDU;ESTACION PORVENIR;DEPARTAMENTAL;CAIDA;BICICLETA;CONDUCTOR;30;M;0;;CAMINO RURAL a 200 m de RUTA 90 km. 26;;
01/06/2015 05:45;PAYSANDU;PAYSANDU;DEPARTAMENTAL;COLISION ENTRE VEHICULOS;MOTO;CONDUCTOR;43;F;0;AUTO;ZORRILLA DE SAN MARTIN esq. AVENIDA GENERAL SAN MARTIN;397991,7563;6422451,288
01/06/2015 19:05;CANELONES;VILLA NUEVA;NACIONAL;CAIDA;MOTO;CONDUCTOR;25;M;3;;RUTA 33 km. 100 (intersecci¢n RUTA 107);581431,7586;6168112,403
02/06/2015 14:55;MONTEVIDEO;MONTEVIDEO;DEPARTAMENTAL;COLISION ENTRE VEHICULOS;MOTO;CONDUCTOR;49;M;0;OMNIBUS;AVENIDA GENERAL EUGENIO GARZON esq. CARVE;571207,0842;6147908,104
02/06/2015 20:35;MONTEVIDEO;MONTEVIDEO;DEPARTAMENTAL;DESPISTE;MOTO;CONDUCTOR;19;M;0;;JUAN JACOBO ROUSSEAU esq. VICENZA;579102,5766;6142580,347
03/06/2015 13:30;TACUAREMBO;TACUAREMBO;DEPARTAMENTAL;ATROPELLO DE PEATON;PEATON;PEATON;58;F;0;CAMION;JUAN ORTIZ esq. ORTIZ Y AYALA;596578,2293;6490296,705
04/06/2015 19:00;CANELONES;CIUDAD DE LA COSTA;DEPARTAMENTAL;COLISION ENTRE VEHICULOS;MOTO;PASAJERO;23;M;0;AUTO;PARAGUAY esq. GIANNATTASIO;590489,5139;6142555,492
05/06/2015 18:30;SAN JOSE;N/C;NACIONAL;COLISION ENTRE VEHICULOS;CAMIONETA;PASAJERO;55;F;0;TRACTOR;RUTA 11 km. 20,500;500080,3596;6202195,498
06/06/2015 08:30;COLONIA;N/C;NACIONAL;DESPISTE;AUTO;CONDUCTOR;38;M;0;;RUTA 22 km. 35,500;447680,1181;6197523,305
07/06/2015 00:15;SORIANO;MERCEDES;DEPARTAMENTAL;COLISION CON OBSTACULO;MOTO;CONDUCTOR;40;M;16;CAMIONETA;DOCTOR LUIS ALBERTO DE HERRERA esq. RICARDO DETOMASI;404948,6155;6321139,308
07/06/2015 08:00;CANELONES;N/C;NACIONAL;COLISION ENTRE VEHICULOS;BICICLETA;CONDUCTOR;23;M;0;CAMIONETA;RUTA 101 km. 26;591394,6591;6149844,262
08/06/2015 11:35;MONTEVIDEO;MONTEVIDEO;DEPARTAMENTAL;ATROPELLO DE PEATON;PEATON;PEATON;20;M;0;TREN;URUGUAYANA esq. FRANCISCO GOMEZ;572114,7833;6141312,747
08/06/2015 18:00;MONTEVIDEO;MONTEVIDEO;DEPARTAMENTAL;ATROPELLO DE PEATON;PEATON;PEATON;26;M;0;CAMIONETA;AVENIDA GENERAL RONDEAU esq. VALPARAISO;573800,4751;6137934,47
08/06/2015 15:00;CANELONES;CAPITAN J.A. ARTIGAS;NACIONAL;COLISION ENTRE VEHICULOS;MOTO;CONDUCTOR;41;M;0;OMNIBUS;RUTA 8 km. 23;589284,6027;6152140,982
09/06/2015 01:15;MONTEVIDEO;MONTEVIDEO;DEPARTAMENTAL;COLISION ENTRE VEHICULOS;MOTO;CONDUCTOR;40;M;0;OMNIBUS;MANUEL HERRERA Y OBES esq. CAMINO GREGORIO CAMINO;570261,0648;6142766,896
09/06/2015 07:15;MONTEVIDEO;MONTEVIDEO;DEPARTAMENTAL;COLISION ENTRE VEHICULOS;MOTO;CONDUCTOR;23;M;0;OMNIBUS;ALBERTO ZUM FELDE esq. FLAMMARION;581888,7919;6140506,028
09/06/2015 14:30;RIO NEGRO;RADIAL RUTA 24;NACIONAL;COLISION ENTRE VEHICULOS;MOTO;CONDUCTOR;60;M;0;CAMION;RUTA 2 km. 298;389698,7472;6329272,818
10/06/2015 06:20;MONTEVIDEO;MONTEVIDEO;DEPARTAMENTAL;ATROPELLO DE PEATON;PEATON;PEATON;44;M;8;AUTO;AVENIDA MILLAN esq. RODRIGUEZ CORREA;573839,3139;6141364,969
10/06/2015 16:50;MONTEVIDEO;MONTEVIDEO;DEPARTAMENTAL;ATROPELLO DE PEATON;PEATON;PEATON;86;F;1;MOTO;EMILIO ROMERO esq. CARLOS TELLIER;570600,9143;6141427,017
10/06/2015 17:40;MONTEVIDEO;MONTEVIDEO;NACIONAL;ATROPELLO DE PEATON;PEATON;PEATON;53;M;0;AUTO;RUTA DE ACCESO km. 2,100;571424,7596;6141016,464
12/06/2015 05:45;MONTEVIDEO;MONTEVIDEO;NACIONAL;CAIDA;MOTO;CONDUCTOR;59;M;1;;RAMBLA DOCTOR BALTASAR BRUM km 1,500 esq. AV. CAPURRO;571783,8224;6140640,381
12/06/2015 11:20;CANELONES;N/C;NACIONAL;DESPISTE;MOTO;CONDUCTOR;81;M;0;;RUTA 6 km 73.800;595559,4699;6201559,021
14/06/2015 02:15;TACUAREMBO;TACUAREMBO;DEPARTAMENTAL;CAIDA;MOTO;CONDUCTOR;20;M;0;;REPUBLICA ARGENTINA esq. GENERAL DIEGO LAMAS;594041,9066;6490062,589
13/06/2015 20:10;MONTEVIDEO;MONTEVIDEO;DEPARTAMENTAL;DESPISTE;AUTO;CONDUCTOR;37;M;0;;AVENIDA DAMASO ANTONIO LARRA¥AGA esq. ROBINSON;577656,2334;6142417,187
13/06/2015 22:30;CANELONES;CIUDAD DE LA COSTA;NACIONAL;COLISION ENTRE VEHICULOS;MOTO;CONDUCTOR;21;M;0;AUTO;RUTA INTERBALNEARIA km. 27,500 esq. AVENIDA C ;595808,2876;6148400,058
14/06/2015 07:25;RIO NEGRO;FRAY BENTOS;DEPARTAMENTAL;CAIDA;MOTO;CONDUCTOR;30;M;5;;RUTA PUENTE PUERTO esq. NN (una anterior a Rep£blica de Chile);378799,5641;6335080,683
14/06/2015 15:35;TREINTA Y TRES;TREINTA Y TRES;DEPARTAMENTAL;CAIDA;BICICLETA;CONDUCTOR;49;M;1;;SANTIAGO NIEVA esq. CAMINO MANSAJERO;744997,5002;6318039,92
14/06/2015 19:00;CANELONES;N/C;NACIONAL;COLISION ENTRE VEHICULOS;MOTO;CONDUCTOR;29;M;0;AUTO;RUTA 5 km. 53,500;567347,8067;6186913,658
15/06/2015 05:45;TREINTA Y TRES;N/C;NACIONAL;COLISION ENTRE VEHICULOS;BICICLETA;CONDUCTOR;66;M;0;MOTO;RUTA 8 km. 291;744107,1302;6323953,19
15/06/2015 05:45;TREINTA Y TRES;N/C;NACIONAL;COLISION ENTRE VEHICULOS;MOTO;CONDUCTOR;23;M;0;BICICLETA;RUTA 8 km. 291;744107,1302;6323953,19
15/06/2015 07:25;COLONIA;JUAN LACAZE;NACIONAL;COLISION ENTRE VEHICULOS;MOTO;CONDUCTOR;26;M;0;CAMION;RUTA 54 km. 4,500;458804,2281;6193554,578
16/06/2015 15:12;MONTEVIDEO;MONTEVIDEO;DEPARTAMENTAL;ATROPELLO DE PEATON;PEATON;PEATON;74;F;0;OMNIBUS;MIGUELETE esq. FERNANDEZ CRESPO;574760,7947;6138206,448
17/06/2015 04:50;CERRO LARGO;MELO;DEPARTAMENTAL;ATROPELLO DE ANIMALES;MOTO;CONDUCTOR;51;M;1;;CAMINO DE LAS DILIGENCIAS esq. AL PASO;764163,5862;6415758,768
17/06/2015 18:25;CANELONES;CAPITAN J.A. ARTIGAS;DEPARTAMENTAL;ATROPELLO DE PEATON;PEATON;PEATON;17;F;0;MOTO;REPUBLICA esq. CATALAN;592574,9725;6153459,219
18/06/2015 00:00;PAYSANDU;N/C;NACIONAL;COLISION ENTRE VEHICULOS;BICICLETA;CONDUCTOR;46;M;0;CAMION;RUTA 90 km. 10,500;406341,0222;6421866,385
18/06/2015 22:05;MONTEVIDEO;MONTEVIDEO;DEPARTAMENTAL;COLISION ENTRE VEHICULOS;MOTO;CONDUCTOR;26;M;1;AUTO;AVENIDA AGRACIADA esq. ENRIQUE TURINI;572350,236;6141507,214
20/06/2015 16:00;MONTEVIDEO;MONTEVIDEO;DEPARTAMENTAL;ATROPELLO DE PEATON;PEATON;PEATON;59;M;0;AUTO;AVENIDA ITALIA esq. SEGOVIA;582102,1062;6139223,031
21/06/2015 00:15;RIVERA;TRANQUERAS;DEPARTAMENTAL;COLISION ENTRE VEHICULOS;BICICLETA;CONDUCTOR;59;M;0;MOTO;LAS PIEDRAS esq. JOSE ENRIQUE RODO;617522,3228;6548192,635
22/06/2015 22:45;SALTO;SALTO;DEPARTAMENTAL;COLISION ENTRE VEHICULOS;MOTO;CONDUCTOR;19;M;1;CAMIONETA;AVENIDA BLANDENGUES esq. AVENIDA APOLON DE MIRBEK;410324,3725;6529119,007
23/06/2015 11:00;CANELONES;N/C;NACIONAL;COLISION ENTRE VEHICULOS;AUTO;CONDUCTOR;22;M;1;CAMION;RUTA 11 km. 93;562270,8381;6181933,577
23/06/2015 20:00;PAYSANDU;PAYSANDU;DEPARTAMENTAL;DESPISTE;AUTO;CONDUCTOR;43;F;0;;BOULEVARD GENERAL JOSE G. ARTIGAS esq. ECUADOR;404379,2368;6319271,462
23/06/2015 22:00;SORIANO;MERCEDES;DEPARTAMENTAL;COLISION ENTRE VEHICULOS;MOTO;CONDUCTOR;64;M;1;AUTO;ITUZAINGO esq. SANTIAGO VAZQUEZ;404517,6923;6319192,428
24/06/2015 08:30;CERRO LARGO;N/C;NACIONAL;COLISION ENTRE VEHICULOS;CAMIONETA;CONDUCTOR;N;M;0;CAMIONETA;RUTA 18 km. 392,500;829417,0847;6388868,51
24/06/2015 13:30;MONTEVIDEO;MONTEVIDEO;DEPARTAMENTAL;ATROPELLO DE PEATON;PEATON;PEATON;72;M;0;CAMIONETA;AVENIDA GENERAL RIVERA esq. ACEVEDO DIAZ;576143,1822;6137501,06
24/06/2015 18:04;MONTEVIDEO;MONTEVIDEO;NACIONAL;COLISION ENTRE VEHICULOS;MOTO;CONDUCTOR;35;M;0;CAMION;RAMBLA DOCTOR BALTASAR BRUM esq. CARLOS PRINCIVALLE;572957,6558;6139835,975
25/06/2015 00:30;MONTEVIDEO;MONTEVIDEO;DEPARTAMENTAL;COLISION ENTRE VEHICULOS;MOTO;CONDUCTOR;36;M;0;CAMIONETA;AVENIDA GENERAL FLORES esq. HONDURAS;576900,8646;6143203,417
26/06/2015 11:00;MONTEVIDEO;MONTEVIDEO;DEPARTAMENTAL;COLISION ENTRE VEHICULOS;MOTO;CONDUCTOR;57;M;1;CAMION;MANILA esq. PALMA DE MALLORCA;579940,1837;6140325,835
26/06/2015 18:00;CERRO LARGO;MELO;DEPARTAMENTAL;COLISION ENTRE VEHICULOS;MOTO;CONDUCTOR;72;M;2;AUTO;TREINTA Y TRES esq. MANUEL A. LESTIDO;766692,915;6415576,939
28/06/2015 06:45;ARTIGAS;N/C;NACIONAL;COLISION ENTRE VEHICULOS;MOTO;CONDUCTOR;19;M;2;MOTO;RUTA 3 km. 618;442796,8629;6640562,648
27/06/2015 22:10;CANELONES;N/C;DEPARTAMENTAL;DESPISTE;AUTO;PASAJERO;34;M;0;;CAMINO DE LOS CERROS (A 1000 METROS DE R8 km. 58);620740,0371;6163189,937
28/06/2015 19:05;FLORIDA;FLORIDA;DEPARTAMENTAL;ATROPELLO DE PEATON;PEATON;PEATON;88;F;10;MOTO;F. LOPEZ padr¢n O esq. GENERAL FRUCTUOSO RIVERA;572066,1184;6226506,392
30/06/2015 09:50;MONTEVIDEO;MONTEVIDEO;DEPARTAMENTAL;ATROPELLO DE PEATON;PEATON;PEATON;83;F;1;CAMIONETA;AVENIDA FERNANDEZ CRESPO esq. PAYSANDU;575105,7965;6137904,333
01/07/2015 10:05;SAN JOSE;N/C;NACIONAL;COLISION ENTRE VEHICULOS;BICICLETA;CONDUCTOR;38;F;1;CAMIONETA;RUTA 1 km. 64;525326,6885;6174371,935
02/07/2015 16:30;CANELONES;PROGRESO;DEPARTAMENTAL;CAIDA;TRACTOR;PASAJERO;39;M;0;;AV. LAS PALMAS ESQ. RUTA 5 VIEJA;571714,9162;6160849,576
03/07/2015 11:00;LAVALLEJA;N/C;NACIONAL;ATROPELLO DE PEATON;PEATON;PEATON;23;M;0;CAMIONETA;RUTA 8 km. 138;671361,6849;6196980,652
05/07/2015 10:27;CANELONES;CIUDAD DE LA COSTA;DEPARTAMENTAL;DESPISTE;CAMIONETA;CONDUCTOR;66;M;0;;AVENIDA INGENIERO LUIS GIANNATTASIO esq. AVENIDA SECCO GARCIA;593539,9739;6145106,106
05/07/2015 18:15;SALTO;SAN ANTONIO;DEPARTAMENTAL;ATROPELLO DE PEATON;PEATON;PEATON;51;M;1;MOTO;CAMINO VECINAL A 100 MTS DE ACCESO A PUEBLO SAN ANTONIO;424175,7218;6529036,632
06/07/2015 15:30;MALDONADO;MALDONADO;DEPARTAMENTAL;ATROPELLO DE PEATON;PEATON;PEATON;78;F;1;MOTO;CHAUME DE TAL esq. AGAPITO PARABERA;688609,145;6136781,093
06/07/2015 19:50;MONTEVIDEO;MONTEVIDEO;DEPARTAMENTAL;COLISION ENTRE VEHICULOS;MOTO;CONDUCTOR;19;M;1;OMNIBUS;SANTA LUCIA esq. DIOGENES HEQUET;570303,3939;6143448,676
07/07/2015 11:30;TACUAREMBO;LAS TOSCAS;NACIONAL;COLISION ENTRE VEHICULOS;MOTO;CONDUCTOR;36;M;1;CAMION;RUTA 26 km. 353;691421,3844;6431977,688
10/07/2015 07:38;MONTEVIDEO;MONTEVIDEO;DEPARTAMENTAL;COLISION ENTRE VEHICULOS;MOTO;CONDUCTOR;37;M;1;CAMIONETA;CAMINO MALDONADO esq. CARLOMAGNO;580767,4595;6144674,052
10/07/2015 18:29;CANELONES;SAN BAUTISTA;NACIONAL;ATROPELLO DE PEATON;PEATON;PEATON;63;F;1;CAMIONETA;RUTA 6 km. 62;595315,5322;6188787,515
11/07/2015 18:30;MONTEVIDEO;MONTEVIDEO;DEPARTAMENTAL;ATROPELLO DE PEATON;PEATON;PEATON;79;F;6;AUTO;AVENIDA JOSE BELLONI esq. BOULEVARD APARICIO SARAVIA;578592,3403;6145179,688
12/07/2015 05:30;MALDONADO;CANTERAS DE MARELLI;DEPARTAMENTAL;ATROPELLO DE PEATON;PEATON;PEATON;28;M;0;CAMIONETA;RUTA 39 km. 11;688171,6146;6143146,236
16/07/2015 23:30;SORIANO;MERCEDES;DEPARTAMENTAL;COLISION ENTRE VEHICULOS;MOTO;CONDUCTOR;39;M;4;CAMIONETA;CRISTOBAL COLON esq. MANUEL FERREIRA;404074,7026;6320270,208
17/07/2015 08:35;SALTO;TERMAS DEL DAYMµN;DEPARTAMENTAL;CAIDA;MOTO;CONDUCTOR;59;F;1;;RUTA 3 Accesos Salto BYPASS;410797,355;6523521,074
17/07/2015 12:20;PAYSANDU;PAYSANDU;NACIONAL;COLISION ENTRE VEHICULOS;MOTO;CONDUCTOR;24;F;1;CAMIONETA;RUTA 90 km. 6,500;402499,321;6423002,565
17/07/2015 16:56;MONTEVIDEO;MONTEVIDEO;DEPARTAMENTAL;COLISION ENTRE VEHICULOS;MOTO;CONDUCTOR;67;M;1;OMNIBUS;ENRIQUE CLAY esq. FRAY BENTOS;578859,5582;6141132,927
18/07/2015 16:30;CANELONES;GUAZUVIRA;NACIONAL;COLISION ENTRE VEHICULOS;AUTO;PASAJERO;N;F;0;AUTO;RUTA INTERBALNEARIA km. 60;626973,7708;6153311,516
18/07/2015 18:00;MONTEVIDEO;MONTEVIDEO;DEPARTAMENTAL;ATROPELLO DE PEATON;PEATON;PEATON;76;F;1;AUTO;ALSACIA esq. NOVARA;579665,5265;6144798,7
19/07/2015 18:15;LAVALLEJA;MINAS;DEPARTAMENTAL;COLISION ENTRE VEHICULOS;MOTO;CONDUCTOR;22;M;1;CAMION;ENRIQUE LADOS esq. DOCTOR LUIS ALBERTO DE HERRERA;661188,4851;6194766,175
20/07/2015 19:15;TACUAREMBO;CURTINA;NACIONAL;COLISION ENTRE VEHICULOS;AUTO;CONDUCTOR;61;M;0;AUTO;RUTA 5 km. 339,500;583702,6794;6445206,881
21/07/2015 13:17;MONTEVIDEO;MONTEVIDEO;DEPARTAMENTAL;ATROPELLO DE PEATON;PEATON;PEATON;82;F;1;CAMION;MARIA STAGNERO DE MUNAR Nro. 2550 esq. AVENIDA OCHO DE OCTUBRE;578135,6553;6140196,355
22/07/2015 06:50;SAN JOSE;CIUDAD DEL PLATA;NACIONAL;ATROPELLO DE PEATON;PEATON;PEATON;21;M;0;AUTO;RUTA 1 km. 32 (esq. SERAFIN JOSE GARCIA);550079,0549;6156054,008
24/07/2015 00:10;PAYSANDU;ALGORTA;NACIONAL;DESPISTE;AUTO;CONDUCTOR;42;M;1;;RUTA 90 km. 71;464691,0993;6415769,123
25/07/2015 04:05;CANELONES;SAN JACINTO;NACIONAL;DESPISTE;AUTO;CONDUCTOR;35;M;0;;RUTA 7 km. 41,500;593284,6738;6164928,828
25/07/2015 06:44;MALDONADO;SAUCE DE PORTEZUELO;NACIONAL;ATROPELLO DE PEATON;PEATON;PEATON;45;F;0;CAMIONETA;RUTA INTERBALNEARIA km. 111 (RUTA 93);673742,9515;6140212,564
25/07/2015 12:00;MALDONADO;N/C;NACIONAL;DESPISTE;AUTO;CONDUCTOR;66;M;23;;RUTA 93 Y KM 102;664374,3015;6143482,027
26/07/2015 06:30;LAVALLEJA;AIGUµ;NACIONAL;DESPISTE;AUTO;PASAJERO;31;F;1;;RUTA 13 km. 210 (radial RUTA 39);704444,6467;6214033,887
25/07/2015 18:35;SORIANO;DOLORES;DEPARTAMENTAL;CAIDA;MOTO;CONDUCTOR;34;M;1;;Chacras Dolores pr¢ximo a Perimetral Juan Manuel Blanes y RUTA 21;385970,0693;6286873,9
26/07/2015 17:00;COLONIA;COLONIA DEL SACRAMENTO;DEPARTAMENTAL;COLISION CON OBSTACULO;MOTO;CONDUCTOR;25;M;1;CAMION PARADO;FERNANDO CARBALLO esq. LOS JAZMINES;425170,1557;6187785,841
26/07/2015 20:00;FLORIDA;FLORIDA;NACIONAL;ATROPELLO DE PEATON;PEATON;PEATON;47;M;0;OMNIBUS;RUTA 5 km. 100;570492,2944;6229434,711
26/07/2015 16:15;MONTEVIDEO;MONTEVIDEO;DEPARTAMENTAL;COLISION ENTRE VEHICULOS;MOTO;CONDUCTOR;17;F;6;AUTO;AVENIDA LUIS BATLLE BERRES esq. CAMINO DE LAS TROPAS;568164,1883;6144050,591
27/07/2015 12:00;COLONIA;ARTILLEROS;NACIONAL;DESPISTE;CAMIONETA;PASAJERO;53;M;0;;RUTA 22 km. 39;448041,2751;6196813,402
27/07/2015 19:00;CANELONES;VILLA AREJO - CANELàN CHICO;NACIONAL;COLISION ENTRE VEHICULOS;MOTO;CONDUCTOR;20;M;0;AUTO;RUTA 32 km. 32,700;575544,9387;6168283,708
28/07/2015 16:18;MONTEVIDEO;MONTEVIDEO;DEPARTAMENTAL;COLISION ENTRE VEHICULOS;AUTO;CONDUCTOR;38;M;0;CAMIONETA;RAMBLA REPUBLICA DE MEXICO Nro. 6049 esq. JOSE CUNEO PERINETTI;585475,3579;6137773,51
29/07/2015 14:24;MONTEVIDEO;MONTEVIDEO;DEPARTAMENTAL;COLISION ENTRE VEHICULOS;MOTO;CONDUCTOR;21;M;0;CAMION;HUM esq. GRANADEROS;575752,8529;6143408,806
30/07/2015 18:55;CANELONES;CANELONES;DEPARTAMENTAL;COLISION ENTRE VEHICULOS;AUTO;CONDUCTOR;56;F;0;TREN;DOCTOR CRISTOBAL CENDAN Y VIA FERREA;565005,8453;6180438,393
30/07/2015 18:55;CANELONES;CANELONES;DEPARTAMENTAL;COLISION ENTRE VEHICULOS;AUTO;PASAJERO;53;F;0;TREN;DOCTOR CRISTOBAL CENDAN Y VIA FERREA;565005,8453;6180438,393
30/07/2015 18:55;CANELONES;CANELONES;DEPARTAMENTAL;COLISION ENTRE VEHICULOS;AUTO;PASAJERO;44;F;0;TREN;DOCTOR CRISTOBAL CENDAN Y VIA FERREA;565005,8453;6180438,393
30/07/2015 14:34;MONTEVIDEO;COLONIA NICOLICH;NACIONAL;COLISION ENTRE VEHICULOS;CAMION;CONDUCTOR;45;M;0;CAMION;RUTA 102 km. 31;586057,9665;6148756,255
30/07/2015 14:34;MONTEVIDEO;COLONIA NICOLICH;NACIONAL;COLISION ENTRE VEHICULOS;CAMION;CONDUCTOR;51;M;0;CAMION;RUTA 102 km. 31;586057,9665;6148756,255
01/08/2015 17:35;MONTEVIDEO;MONTEVIDEO;DEPARTAMENTAL;COLISION ENTRE VEHICULOS;MOTO;CONDUCTOR;22;M;1;AUTO;EJIDO esq. MERCEDES;574266,3811;6137337,062
01/08/2015 20:00;CANELONES;COSTA DE ORO;DEPARTAMENTAL;COLISION ENTRE VEHICULOS;AUTO;PASAJERO;30;M;11;MOTO;VI¥A DEL MAR esq. MAR DE AJO;593622,0127;6144829,6
02/08/2015 07:50;TACUAREMBO;ANSINA;NACIONAL;DESPISTE;CAMIONETA;CONDUCTOR;41;M;0;;RUTA 26 km. 277,200;634533,1566;6477025,463
02/08/2015 23:30;PAYSANDU;PAYSANDU;DEPARTAMENTAL;COLISION ENTRE VEHICULOS;MOTO;CONDUCTOR;39;M;2;CONDUCTOR;INDEPENDENCIA esq. VEINTICINCO DE MAYO;397465,2984;6423541,261
03/08/2015 05:10;SAN JOSE;ECILDA PAULLIER;NACIONAL;DESPISTE;CAMIONETA;CONDUCTOR;38;M;0;;RUTA 1 km 97,900;498284,4304;6194866,627
04/08/2015 17:45;FLORIDA;CERRO COLORADO;NACIONAL;CAIDA;MOTO;CONDUCTOR;69;M;1;;RUTA 7 km. 145.000;636641,7403;6253050,992
04/08/2015 22:00;CERRO LARGO;RIO BRANCO;DEPARTAMENTAL;COLISION ENTRE VEHICULOS;MOTO;CONDUCTOR;25;F;1;AUTO;CARRETERA AL MERIN esq. DE LOS SALADEROS;839597,421;6387368,356
05/08/2015 05:30;CANELONES;LAS PIEDRAS;NACIONAL;DESPISTE;AUTO;PASAJERO;75;F;0;;RUTA 102 esq. Benavidez;588840,9802;6146908,254
05/08/2015 14:46;MONTEVIDEO;MONTEVIDEO;DEPARTAMENTAL;ATROPELLO DE PEATON;PEATON;PEATON;85;F;4;CAMION;INGENIERO JUAN ALBERTO CAPURRO esq. CORACEROS;572105,1766;6141029,341
05/08/2015 14:40;MONTEVIDEO;MONTEVIDEO;DEPARTAMENTAL;COLISION ENTRE VEHICULOS;BICICLETA;CONDUCTOR;23;F;0;CAMION;Av. OCHO DE OCTUBRE Nro. 4599 esq. Dr. P. CAPDEHOURAT;579179,0974;6142073,574
08/08/2015 16:00;DURAZNO;DURAZNO;DEPARTAMENTAL;COLISION ENTRE VEHICULOS;MOTO;CONDUCTOR;21;M;1;AUTO;DOCTOR E. PENZA esq. DOCTOR RUBINO;543971,3374;6306153,035
09/08/2015 07:10;TACUAREMBO;TACUAREMBO;DEPARTAMENTAL;DESPISTE;AUTO;PASAJERO;25;M;1;;HECTOR GUTIERREZ RUIZ padr¢n R-7211 esq. FERNANDO SECCO APARICIO;597428,581;6492116,797
09/08/2015 08:00;CERRO LARGO;N/C;DEPARTAMENTAL;DESPISTE;AUTO;CONDUCTOR;44;M;2;;CAMINO DOMINGO NAVARRO;831047,5828;6385202,436
14/08/2015 00:05;COLONIA;RADIAL CONCHILLAS;NACIONAL;ATROPELLO DE PEATON;PEATON;PEATON;26;M;0;CAMIONETA;RUTA 21 km. 228;401671,6303;6225806,237
15/08/2015 23:20;CANELONES;CANELONES;NACIONAL;COLISION ENTRE VEHICULOS;MOTO;CONDUCTOR;21;M;0;AUTO;RUTA 11 km. 94.500;563391,6927;6180869,686
15/08/2015 20:23;MONTEVIDEO;MONTEVIDEO;DEPARTAMENTAL;ATROPELLO DE PEATON;PEATON;PEATON;55;F;0;MOTO;AV. Ing. FEDERICO CAPURRO esq. PASAJE CENTRAL;567245,4731;6140732,393
18/08/2015 08:00;ROCHA;LA ESMERALDA;NACIONAL;COLISION ENTRE VEHICULOS;AUTO;CONDUCTOR;30;M;0;AUTO;RUTA 9 km. 283,2;803370,4229;6216946,887
18/08/2015 08:00;ROCHA;LA ESMERALDA;NACIONAL;COLISION ENTRE VEHICULOS;AUTO;PASAJERO;27;F;0;AUTO;RUTA 9 km. 283,2;803370,4229;6216946,887
18/08/2015 08:00;ROCHA;LA ESMERALDA;NACIONAL;COLISION ENTRE VEHICULOS;AUTO;PASAJERO;N;F;1;AUTO;RUTA 9 km. 283,2;803370,4229;6216946,887
18/08/2015 14:45;CANELONES;TALA;NACIONAL;COLISION ENTRE VEHICULOS;MOTO;PASAJERO;66;M;1;AUTO;RUTA 7 km. 84;615605,445;6203130,244
20/08/2015 21:45;CANELONES;LAS PIEDRAS;DEPARTAMENTAL;COLISION ENTRE VEHICULOS;MOTO;CONDUCTOR;18;M;1;CAMIONETA;SOLIS esq. RUTA CESAR MAYO GUTIERREZ (Ruta 5 vieja);571837,4468;6159902,14
21/08/2015 17:55;MONTEVIDEO;MONTEVIDEO;DEPARTAMENTAL;COLISION ENTRE VEHICULOS;MOTO;CONDUCTOR;48;M;1;CAMION;AV. LUIS BATLLE BERRES esq. CAMINO LA HIGUERITA;565689,1155;6145360,918
22/08/2015 10:00;SALTO;VILLA CONSTITUCIàN;NACIONAL;COLISION ENTRE VEHICULOS;AUTO;PASAJERO;73;M;0;CAMIONETA;RUTA 3 km. 528,500;431112,3149;6560899,152
22/08/2015 13:26;MONTEVIDEO;MONTEVIDEO;DEPARTAMENTAL;DESPISTE;AUTO;PASAJERO;38;F;0;;CMNO. LOS CAMALOTES esq. CMNO. LUIS EDUARDO PEREZ;563049,4332;6149188,9
23/08/2015 06:15;SAN JOSE;COLOLO TINOSA;NACIONAL;DESPISTE;AUTO;CONDUCTOR;24;M;0;;RUTA 1 km. 56;531637,2069;6169586,501
21/08/2015 16:40;TACUAREMBO;PASO BONILLA;DEPARTAMENTAL;COLISION ENTRE VEHICULOS;OMNIBUS;PASAJERO;0;M;1;CAMION;RUTA 59 cercano intersecci¢n RUTA 5 km. 10;597666,0952;6480164,992
24/08/2015 19:34;MONTEVIDEO;MONTEVIDEO;DEPARTAMENTAL;ATROPELLO DE ANIMALES;MOTO;CONDUCTOR;26;M;0;;AVENIDA DON PEDRO DE MENDOZA esq. CAMINO RIGEL;576214,0919;6151496,551
24/08/2015 17:10;MONTEVIDEO;MONTEVIDEO;DEPARTAMENTAL;COLISION ENTRE VEHICULOS;AUTO;PASAJERO;3;F;1;AUTO;RAMBLA PRESIDENTE WILSON esq. AVENIDA DOCTOR JUAN ANDRES CACHON;575810,2468;6135239,488
24/08/2015 18:05;SAN JOSE;N/C;NACIONAL;DESPISTE;AUTO;PASAJERO;22;F;0;;RUTA 3 km. 132,100;525997,1667;6237763,009
25/08/2015 08:31;MONTEVIDEO;MONTEVIDEO;DEPARTAMENTAL;COLISION ENTRE VEHICULOS;AUTO;PASAJERO;50;M;0;OMNIBUS;BLANDENGUES esq. DR. JOS L. TERRA;574723,9304;6139550,734
28/08/2015 23:10;MONTEVIDEO;MONTEVIDEO;DEPARTAMENTAL;COLISION CON OBSTACULO;MOTO;CONDUCTOR;49;M;0;;AVENIDA JOSE BELLONI Esq. CAMINO AL PASO DEL ANDALUZ;578992,6485;6148821,886
29/08/2015 23:30;MONTEVIDEO;MONTEVIDEO;DEPARTAMENTAL;COLISION ENTRE VEHICULOS;MOTO;CONDUCTOR;22;M;1;AUTO;HUM esq. JUAN ACOSTA;576238,2847;6143278,149
30/08/2015 17:10;MONTEVIDEO;MONTEVIDEO;DEPARTAMENTAL;COLISION ENTRE VEHICULOS;MOTO;PASAJERO;67;F;19;AUTO;AVENIDA ITALIA esq. VOLTEADORES;582778,1952;6139379,53
30/08/2015 15:50;COLONIA;COLONIA DEL SACRAMENTO;DEPARTAMENTAL;COLISION ENTRE VEHICULOS;MOTO;CONDUCTOR;62;M;0;AUTO;COSTANERA esq. MIHANOVICH;420158,2549;6188561,161
30/08/2015 19:50;PAYSANDU;CHAPICUY;NACIONAL;DESPISTE;AUTO;CONDUCTOR;55;M;0;;RUTA 3 km. 460;415575,1158;6493905,347
30/08/2015 19:50;PAYSANDU;CHAPICUY;NACIONAL;DESPISTE;AUTO;PASAJERO;23;M;0;;RUTA 3 km. 460;415575,1158;6493905,347
31/08/2015 11:40;CERRO LARGO;MELO;NACIONAL;ATROPELLO DE PEATON;PEATON;PEATON;74;F;0;CAMIONETA;RUTA 26 y Calle 14 de Juniio;767563,3303;6414128,011
02/09/2015 13:30;DURAZNO;DURAZNO;DEPARTAMENTAL;ATROPELLO DE PEATON;PEATON;PEATON;1;F;0;CAMION;CIRCUNVALACIàN esq. APARICIO SARAVIA;543535,1441;6307704,267
02/09/2015 14:30;ROCHA;SAN LUIS AL MEDIO;DEPARTAMENTAL;CAIDA;TRACTOR;PASAJERO;2;F;1;;CMNO. VECINAL cercano a RUTA 19;790514,9059;6281133,411
03/09/2015 11:10;MONTEVIDEO;MONTEVIDEO;DEPARTAMENTAL;ATROPELLO DE PEATON;PEATON;PEATON;78;F;1;OMNIBUS;JUAN BENITO BLANCO esq. AVENIDA BRASIL;577700,2644;6136145,511
03/09/2015 17:20;SALTO;SALTO;DEPARTAMENTAL;COLISION ENTRE VEHICULOS;MOTO;CONDUCTOR;23;M;7;OMNIBUS;AGRACIADA esq. DOCTOR LUIS ALBERTO DE HERRERA;408916,0504;6527317,756
03/09/2015 20:40;RIVERA;RIVERA;DEPARTAMENTAL;COLISION ENTRE VEHICULOS;MOTO;CONDUCTOR;31;M;1;MOTO;FLORENCIO SANCHEZ esq. VENTURA PIRIZ;638431,9453;6580918,308
05/09/2015 03:00;SALTO;SALTO;DEPARTAMENTAL;DESPISTE;MOTO;CONDUCTOR;26;M;0;;Av. Costanera Norte C. MAYO GUTIERREZ esq. Av. PARAGUAY;406826,1678;6528487,986
05/09/2015 00:00;CERRO LARGO;N/C;NACIONAL;DESPISTE;CAMIONETA;CONDUCTOR;73;M;0;;RUTA 44 km. 49,800;741335,3923;6433745,089
05/09/2015 16:15;MONTEVIDEO;MONTEVIDEO;DEPARTAMENTAL;COLISION ENTRE VEHICULOS;AUTO;CONDUCTOR;30;M;9;TREN;CAMINO VARZI esq. CAMINO MANUEL FORTET;571973,961;6149975,09
05/09/2015 21:15;CANELONES;SANTA ROSA;NACIONAL;COLISION ENTRE VEHICULOS;BICICLETA;CONDUCTOR;64;M;0;AUTO;RUTA 11 km. 122 (pr¢ximo intersecci¢n RUTA 6);587864,4537;6181012,983
07/09/2015 17:20;CANELONES;N/C;NACIONAL;DESPISTE;MOTO;CONDUCTOR;29;M;0;;RUTA 32 km 37,100;574018,9125;6172453,984
07/09/2015 18:10;SAN JOSE;N/C;NACIONAL;COLISION ENTRE VEHICULOS;CAMIONETA;CONDUCTOR;73;M;0;CAMION;RUTA 1 km. 61 ;527290,8751;6172068,001
08/09/2015 11:00;CANELONES;LAS PIEDRAS;DEPARTAMENTAL;ATROPELLO DE PEATON;PEATON;PEATON;6;M;0;AUTO;CAMINO A. POQUITOS esq. BARRIOS UNIDOS;573079,1074;6158762,274
08/09/2015 16:00;CANELONES;CIUDAD DE LA COSTA;DEPARTAMENTAL;COLISION ENTRE VEHICULOS;BICICLETA;CONDUCTOR;14;M;2;AUTO;AVENIDA INGENIERO LUIS GIANNATTASIO esq. AV. A LA PLAYA;589613,4455;6141468,954
09/09/2015 21:24;MONTEVIDEO;MONTEVIDEO;DEPARTAMENTAL;COLISION CON OBSTACULO;MOTO;CONDUCTOR;35;M;0;;PAUL HARRIS esq. AVENIDA GENERAL RIVERA;587757,6129;6139884,514
10/09/2015 00:30;PAYSANDU;PAYSANDU;DEPARTAMENTAL;COLISION ENTRE VEHICULOS;MOTO;CONDUCTOR;20;M;0;CAMION;DOCTOR LUIS ALBERTO DE HERRERA esq. GENERAL JOSE G. ARTIGAS;397955,9026;6423250,661
11/09/2015 10:15;LAVALLEJA;N/C;NACIONAL;COLISION ENTRE VEHICULOS;AUTO;CONDUCTOR;36;M;0;AUTO;RUTA 108 Km 182;660850,9114;6239349,394
11/09/2015 16:00;SAN JOSE;N/C;NACIONAL;COLISION ENTRE VEHICULOS;CAMIONETA;PASAJERO;65;F;0;CAMION;RUTA 1 km 49,500;536507,0062;6165463,918
12/09/2015 16:45;PAYSANDU;PAYSANDU;DEPARTAMENTAL;COLISION ENTRE VEHICULOS;BICICLETA;CONDUCTOR;6;M;0;CAMION;DOCTOR ROLDAN esq. ECUADOR;398722,6664;6428490,077
13/09/2015 09:45;CANELONES;N/C;NACIONAL;COLISION ENTRE VEHICULOS;MOTO;CONDUCTOR;19;M;0;CAMION;RUTA 7 km 76,900;612935,8761;6197552,255
15/09/2015 12:30;PAYSANDU;DAYMAN;NACIONAL;COLISION ENTRE VEHICULOS;MOTO;CONDUCTOR;61;M;0;CAMION;RUTA 3 km. 475,500;415354,9125;6508173,363
15/09/2015 15:45;MONTEVIDEO;MONTEVIDEO;DEPARTAMENTAL;COLISION ENTRE VEHICULOS;MOTO;PASAJERO;22;F;0;CAMION;AZOTEA DE LIMA esq. CAMINO GENERAL LEANDRO GOMEZ;578006,2081;6145405,248
16/09/2015 00:25;ARTIGAS;BELLA UNION;DEPARTAMENTAL;COLISION CON OBSTACULO;MOTO;CONDUCTOR;22;M;1;;RUTA 3 km 629,600;445983,3418;6657338,085
17/09/2015 15:05;LAVALLEJA;MINAS;DEPARTAMENTAL;ATROPELLO DE PEATON;PEATON;PEATON;89;M;0;CAMION;DIECIOCHO DE JULIO esq. SARANDI;661891,1204;6194833,461
18/09/2015 17:55;MONTEVIDEO;MONTEVIDEO;DEPARTAMENTAL;COLISION ENTRE VEHICULOS;MOTO;CONDUCTOR;32;M;0;AUTO;CAMINO LA CABRA esq. AVENIDA JOSE BELLONI;579237,1894;6152794,394
18/09/2015 20:00;MONTEVIDEO;MONTEVIDEO;DEPARTAMENTAL;COLISION ENTRE VEHICULOS;MOTO;CONDUCTOR;23;M;0;CAMION;CAMINO AL PASO DEL ANDALUZ esq. CAMINO LOS CASTA¥OS;582268,8631;6150272,65
19/09/2015 06:15;RIO NEGRO;FRAY BENTOS;DEPARTAMENTAL;CAIDA;MOTO;CONDUCTOR;45;F;19;;25 DE MAYO esq. URUGUAY;377872,3119;6335383,908
19/09/2015 05:55;CANELONES;JOANICO;NACIONAL;DESPISTE;AUTO;CONDUCTOR;29;M;0;;RUTA 5 km 40;567309,3726;6174839,552
20/09/2015 02:40;TACUAREMBO;PASO DE LOS TOROS;NACIONAL;CAIDA;MOTO;CONDUCTOR;19;M;0;;RUTA 5 km 251,800;545523,2592;6370661,739
20/09/2015 01:25;SALTO;SALTO;DEPARTAMENTAL;ATROPELLO DE ANIMALES;CAMIONETA;CONDUCTOR;29;M;0;;INSTRUCCIONES DEL A¥O XIII y AV. PASCUAL HARRIAGUE;415413,567;6526757,449
20/09/2015 21:45;ROCHA;LA PALOMA;NACIONAL;DESPISTE;AUTO;CONDUCTOR;84;M;0;;RUTA 10 km 236;757693,5742;6163779,671
21/09/2015 20:05;MONTEVIDEO;MONTEVIDEO;DEPARTAMENTAL;COLISION ENTRE VEHICULOS;MOTO;CONDUCTOR;22;M;0;OMNIBUS;CAMINO CIBILS esq. SAMUEL LAFONE;566904,5799;6141371,591
22/09/2015 00:02;MALDONADO;SAN CARLOS;NACIONAL;COLISION ENTRE VEHICULOS;MOTO;CONDUCTOR;40;M;0;AUTO;RUTA 39 km 138,100 Intersecci¢n RUTA 9;690695,6112;6150654,211
22/09/2015 12:50;ARTIGAS;BELLA UNION;DEPARTAMENTAL;COLISION ENTRE VEHICULOS;MOTO;CONDUCTOR;22;M;1;TRICICLO CARGA;AVDA ARTIGAS esq. J. E. RODO;442591,6413;6652300,077
22/09/2015 06:20;COLONIA;TARARIRAS;NACIONAL;DESPISTE;AUTO;CONDUCTOR;55;M;0;;RUTA 22 km 30;443083,8058;6206724,469
23/09/2015 22:10;CANELONES;SANTA ANA;NACIONAL;DESPISTE;AUTO;CONDUCTOR;63;M;0;;RUTA INTERBALNEARIA km. 77,500;642500,8221;6150327,887
26/09/2015 13:10;ROCHA;N/C;NACIONAL;DESPISTE;AUTO;CONDUCTOR;36;M;0;;RUTA 15 km 106;749560,1681;6250149,724
26/09/2015 18:20;ARTIGAS;SEQUEIRA;NACIONAL;DESPISTE;CAMIONETA;CONDUCTOR;47;M;0;;RUTA 4 km 141;517299,3003;6574955,6
27/09/2015 14:10;CANELONES;CANELONES;NACIONAL;COLISION ENTRE VEHICULOS;MOTO;PASAJERO;53;M;1;AUTO;RUTA 5 km 47,700;566071,5421;6183262,396
27/09/2015 13:30;SALTO;SAN ANTONIO;DEPARTAMENTAL;CAIDA;MOTO;CONDUCTOR;48;M;1;;BARRIO SAN PEDRO Cmno. Departamental a Rivera esq. Calle 8;428378,1093;6531496,99
30/09/2015 18:15;SAN JOSE;VILLA RODRIGUEZ;DEPARTAMENTAL;COLISION ENTRE VEHICULOS;MOTO;CONDUCTOR;41;F;1;CAMION;RITA BAENA DE RODRIGUEZ esq. LEON JUDE;542481,5712;6195367,187
30/09/2015 17:50;CANELONES;COLONIA LAMAS;DEPARTAMENTAL;ATROPELLO DE PEATON;PEATON;PEATON;82;M;1;MOTO;JOS MORELOS esq. ANDRECITO COLONIA LAMAS;591074,0025;6146307,203
03/10/2015 01:58;MONTEVIDEO;MONTEVIDEO;DEPARTAMENTAL;DESPISTE;AUTO;PASAJERO;18;M;0;;MANUEL HERRERA Y OBES esq. PILAR COSTA;571365,7834;6141974,629
30/09/2015 10:30;SORIANO;MERCEDES;NACIONAL;DESPISTE;CAMIONETA;CONDUCTOR;48;F;0;;RUTA 21 km 348,000;400313,9401;6310623,904
03/10/2015 21:00;CANELONES;COLONIA LAMAS;NACIONAL;COLISION ENTRE VEHICULOS;MOTO;CONDUCTOR;67;M;1;CAMIONETA;RUTA 101 esq. RUTA 102;590704,0925;6146590,635
05/10/2015 19:50;MONTEVIDEO;MONTEVIDEO;DEPARTAMENTAL;COLISION ENTRE VEHICULOS;MOTO;PASAJERO;15;M;0;OMNIBUS;VITTORIO VENETO esq. DOCTOR CARLOS MARIA DE PENA;569424,3885;6144987,715
05/10/2015 19:50;MONTEVIDEO;MONTEVIDEO;DEPARTAMENTAL;COLISION ENTRE VEHICULOS;MOTO;CONDUCTOR;66;M;0;OMNIBUS;VITTORIO VENETO esq. DOCTOR CARLOS MARIA DE PENA;569424,3885;6144987,715
07/10/2015 15:15;COLONIA;NUEVA PALMIRA;NACIONAL;COLISION ENTRE VEHICULOS;MOTO;CONDUCTOR;23;M;0;AUTO;RUTA 12 km. 2,000;371895,6108;6249803,755
08/10/2015 07:41;MONTEVIDEO;MONTEVIDEO;NACIONAL;COLISION ENTRE VEHICULOS;MOTO;CONDUCTOR;21;M;1;OMNIBUS;RUTA DE ACCESO esq. DR. SANTIN CARLOS ROSSI ;568324,7757;6141748,883
08/10/2015 15:20;CANELONES;LAS PIEDRAS;DEPARTAMENTAL;COLISION ENTRE VEHICULOS;MOTO;CONDUCTOR;65;M;1;OMNIBUS;AVENIDA GENERAL FLORES esq. AVENIDA BOLIVIA;570359,6178;6156825,046
09/10/2015 10:45;DURAZNO;PASO DE CASTRO;NACIONAL;DESPISTE;AUTO;CONDUCTOR;17;M;0;;RUTA 14 km. 257.400;609836,9529;6317115,186
09/10/2015 16:15;COLONIA;CARMELO;DEPARTAMENTAL;CAIDA;MOTO;CONDUCTOR;27;M;23;;GRITO DE ASENCIO esq. HENRY FORD;381969,9936;6235956,217
10/10/2015 02:30;COLONIA;N/C;NACIONAL;DESPISTE;OMNIBUS;PASAJERO;26;M;2;;RUTA 1 km. 168,5;430394,4254;6188973,532
10/10/2015 21:25;PAYSANDU;PAYSANDU;DEPARTAMENTAL;COLISION ENTRE VEHICULOS;MOTO;CONDUCTOR;20;F;12;AUTO;BOULEVARD GENERAL JOSE G. ARTIGAS esq. EXODO;399442,4075;6425608,227
11/10/2015 01:15;COLONIA;NUEVA HELVECIA;DEPARTAMENTAL;COLISION ENTRE VEHICULOS;AUTO;CONDUCTOR;52;M;0;CAMIONETA;RUTA 53 esq. CAMINO ZAPICAN;479530,1692;6207695,364
11/10/2015 03:15;MONTEVIDEO;MONTEVIDEO;NACIONAL;DESPISTE;AUTO;CONDUCTOR;77;M;0;;RUTA 5 km. (esq. Cmno. VECINAL, entre Cmno. LA REDENCIàN y Cmno. L.EDUARDO PEREZ);567630,3709;6147842,147
10/10/2015 21:40;CANELONES;PANDO;NACIONAL;ATROPELLO DE PEATON;PEATON;PEATON;72;F;0;AUTO;RUTA 8 km. 42.800 (esq. AGUSTIN HERNANDEZ);594899,4916;6156810,294
11/10/2015 12:15;RIO NEGRO;N/C;NACIONAL;COLISION ENTRE VEHICULOS;MOTO;CONDUCTOR;27;M;0;CAMIONETA;RUTA 24 km. 81,300;404227,3074;6397372,387
13/10/2015 16:05;MONTEVIDEO;MONTEVIDEO;DEPARTAMENTAL;COLISION ENTRE VEHICULOS;BICICLETA;CONDUCTOR;75;M;29;OMNIBUS;AVENIDA FERNANDEZ CRESPO esq. MIGUELETE;574760,7947;6138206,448
15/10/2015 16:00;SAN JOSE;SAN JOSE DE MAYO;DEPARTAMENTAL;CAIDA;BICICLETA;CONDUCTOR;13;F;1;;DAMASO ANTONIO LARRA¥AGA esq. FLORIDA;527254,8563;6200068,124
15/10/2015 19:50;CANELONES;CANELONES;DEPARTAMENTAL;COLISION ENTRE VEHICULOS;MOTO;CONDUCTOR;51;F;0;CAMION;RUTA 5 km. 47,500;566023,3296;6181353,097
16/10/2015 18:45;CANELONES;MARINDIA;NACIONAL;COLISION ENTRE VEHICULOS;MOTO;CONDUCTOR;58;F;0;AUTO;RUTA INTERBALNEARIA km. 40,500;608266,4806;6151750,486
17/10/2015 14:00;SAN JOSE;N/C;NACIONAL;COLISION ENTRE VEHICULOS;MOTO;CONDUCTOR;25;M;0;CAMIONETA;RUTA 1 km. 38,000;545839,581;6159250,143
17/10/2015 15:53;MONTEVIDEO;MONTEVIDEO;DEPARTAMENTAL;ATROPELLO DE PEATON;PEATON;PEATON;34;M;0;TREN;MENDOZA esq. GENERAL AGUILAR;573469,8932;6139403,743
18/10/2015 14:02;SORIANO;PALMITAS;NACIONAL;COLISION ENTRE VEHICULOS;AUTO;PASAJERO;74;M;0;AUTO;RUTA 2 km. 243;423867,1751;6292069,824
18/10/2015 14:02;SORIANO;PALMITAS;NACIONAL;COLISION ENTRE VEHICULOS;AUTO;PASAJERO;75;F;0;AUTO;RUTA 2 km. 243;423867,1751;6292069,824
19/10/2015 09:00;FLORIDA;N/C;NACIONAL;DESPISTE;AUTO;PASAJERO;76;F;0;;RUTA 6 km. 100;597360,7727;6222352,101
20/10/2015 20:15;MONTEVIDEO;MONTEVIDEO;DEPARTAMENTAL;ATROPELLO DE PEATON;PEATON;PEATON;47;M;0;CAMIONETA;AVENIDA DOCTOR LUIS ALBERTO DE HERRERA esq. ARECHAGA;575620,7132;6141460,643
21/10/2015 14:00;LAVALLEJA;MINAS;DEPARTAMENTAL;DESPISTE;MOTO;CONDUCTOR;56;M;0;;DOCTOR BALTASAR BRUN esq. CALLE 137;660457,1374;6194494,589
21/10/2015 15:00;MALDONADO;PIRIAPOLIS;DEPARTAMENTAL;COLISION CON OBSTACULO;AUTO;CONDUCTOR;N;F;1;;MONTE CARLOS esq. NIZA;657731,3945;6141212,691
23/10/2015 13:30;MALDONADO;MALDONADO;DEPARTAMENTAL;CAIDA;MOTO;CONDUCTOR;60;M;0;;AGAPITO PARABERA esq. UTE 53;687742,1328;6136646,779
20/10/2015 21:25;MONTEVIDEO;MONTEVIDEO;DEPARTAMENTAL;COLISION ENTRE VEHICULOS;BICICLETA;CONDUCTOR;45;M;1;MOTO;AVENIDA DE LAS INSTRUCCIONES esq. CAMINO LA CALERA;579832,7354;6151842,251
24/10/2015 14:10;CERRO LARGO;MELO;DEPARTAMENTAL;CAIDA;MOTO;CONDUCTOR;67;M;10;;MIGUEL BARREIRO;766908,7503;6415232,167
24/10/2015 21:00;SAN JOSE;RAFAEL PERAZZA;NACIONAL;DESPISTE;CAMIONETA;PASAJERO;39;M;1;;RUTA 1 km. 79,500;512884,3191;6183882,193
24/10/2015 21:00;SAN JOSE;RAFAEL PERAZZA;NACIONAL;DESPISTE;CAMIONETA;PASAJERO;24;F;0;;RUTA 1 km. 79,500;512884,3191;6183882,193
27/10/2015 12:34;MONTEVIDEO;MONTEVIDEO;DEPARTAMENTAL;ATROPELLO DE PEATON;PEATON;PEATON;13;F;0;CAMION;AVENIDA DAMASO ANTONIO LARRA¥AGA esq. TOMAS CLARAMUNT;577491,83;6141259,841
28/10/2015 07:15;CANELONES;LA PAZ;DEPARTAMENTAL;COLISION ENTRE VEHICULOS;MOTO;CONDUCTOR;36;M;0;CAMION;DOCTOR LUIS ALBERTO DE HERRERA esq. JAVIER DE VIANA;571128,5423;6153298,587
29/10/2015 20:05;TACUAREMBO;TACUAREMBO;DEPARTAMENTAL;ATROPELLO DE ANIMALES;MOTO;CONDUCTOR;22;M;1;;HECTOR GUTIERREZ RUIZ esq. A GRUTA DE LOS HELECHOS;597187,0252;6492958,187
30/10/2015 06:45;FLORES;TRINIDAD;NACIONAL;COLISION ENTRE VEHICULOS;CAMIONETA;CONDUCTOR;36;M;0;AUTO;RUTA 3 km. 193;505879,5822;6292361,115
30/10/2015 07:30;MONTEVIDEO;MONTEVIDEO;DEPARTAMENTAL;COLISION ENTRE VEHICULOS;AUTO;PASAJERO;19;F;0;OMNIBUS;AVENIDA DIECINUEVE DE ABRIL esq. LUCAS OBES;572871,8075;6141762,199
30/10/2015 07:30;MONTEVIDEO;MONTEVIDEO;DEPARTAMENTAL;COLISION ENTRE VEHICULOS;AUTO;CONDUCTOR;62;M;0;OMNIBUS;AVENIDA DIECINUEVE DE ABRIL esq. LUCAS OBES;572871,8075;6141762,199
30/10/2015 19:45;MONTEVIDEO;MONTEVIDEO;DEPARTAMENTAL;ATROPELLO DE PEATON;PEATON;PEATON;40;M;0;OMNIBUS;ANDES esq. AVENIDA DIECIOCHO DE JULIO;573259,0454;6137044,229
31/10/2015 20:00;SALTO;SALTO;DEPARTAMENTAL;ATROPELLO DE PEATON;PEATON;PEATON;77;F;1;MOTO;INSTRUCCIONES DEL A¥O XIII esq. PRESBITERO J. MONTERROSO;414058,5285;6527055,883
01/11/2015 00:20;TACUAREMBO;PASO DE LOS TOROS;DEPARTAMENTAL;COLISION ENTRE VEHICULOS;MOTO;CONDUCTOR;33;M;1;AUTO;DIECIOCHO DE JULIO esq. HECTOR GUTIERREZ RUIZ;545365,6717;6369553,876
02/11/2015 15:30;LAVALLEJA;N/C;NACIONAL;DESPISTE;AUTO;CONDUCTOR;67;M;0;;RUTA 8 km. 106,500;650965,9834;6191466,845
03/11/2015 05:25;ARTIGAS;ARTIGAS;DEPARTAMENTAL;DESPISTE;MOTO;CONDUCTOR;57;M;0;;TELMA GARCIA DA ROSA esq. JUAN SAMBOYETI;549396,3642;6635033,977
04/11/2015 12:55;MONTEVIDEO;MONTEVIDEO;DEPARTAMENTAL;COLISION ENTRE VEHICULOS;MOTO;CONDUCTOR;22;M;0;CAMION;PATRICIOS esq. MARIANO ESTAPE;578237,5922;6143836,113
05/11/2015 11:00;CANELONES;N/C;NACIONAL;CAIDA;TRACTOR;PASAJERO;2;F;1;;RUTA 40 KM 92;625165,0769;6202881,128
06/11/2015 22:15;CANELONES;SAUCE;NACIONAL;COLISION ENTRE VEHICULOS;MOTO;CONDUCTOR;57;M;0;AUTO;RUTA 6 km. 34,500;586131,2971;6165525,302
07/11/2015 16:55;CANELONES;COLONIA NICOLICH;NACIONAL;DESPISTE;MOTO;CONDUCTOR;30;M;0;;RUTA 102 km. 24,000;589036,891;6146876,704
07/11/2015 16:50;SALTO;COLONIA GARIBALDI;DEPARTAMENTAL;COLISION ENTRE VEHICULOS;BICICLETA;CONDUCTOR;53;M;1;BICICLETA;CAMINO A COLONIA GARIBALDI;423044,4501;6533800,109
08/11/2015 13:55;MONTEVIDEO;MONTEVIDEO;DEPARTAMENTAL;COLISION ENTRE VEHICULOS;MOTO;CONDUCTOR;33;F;0;CAMIONETA;GERONIMO PICCIOLI esq. MANUEL CALLEROS;578901,5681;6142561,812
08/11/2015 21:00;TACUAREMBO;TACUAREMBO;NACIONAL;DESPISTE;MOTO;CONDUCTOR;31;M;0;;RUTA 31 km. 212;592140,8275;6492528,322
09/11/2015 00:20;DURAZNO;CARLOS REYLES;NACIONAL;COLISION ENTRE VEHICULOS;MOTO;PASAJERO;40;F;0;CAMION;RUTA 5 km. 215 padr¢n;550335,6072;6335093,228
09/11/2015 03:30;CANELONES;LA PAZ;DEPARTAMENTAL;CAIDA;MOTO;CONDUCTOR;31;M;19;;DOCTOR LUIS ALBERTO DE HERRERA esq. TERESA MU¥OZ;571183,4631;6154066,986
06/11/2015 17:55;MONTEVIDEO;MONTEVIDEO;DEPARTAMENTAL;ATROPELLO DE ANIMALES;MOTO;CONDUCTOR;59;M;1;;CAMINO GENERAL LEANDRO GOMEZ Nro. S/N esq. DOCTOR RICARDO MACKINNON;575889,5532;6145159,125
12/11/2015 15:20;CANELONES;PARQUE DEL PLATA;DEPARTAMENTAL;COLISION ENTRE VEHICULOS;MOTO;CONDUCTOR;52;M;9;CAMIONETA;CALLE 2 esq. AV. 50 METROS;617578,1389;6153346,552
12/11/2015 22:15;MALDONADO;PUNTA DEL ESTE;DEPARTAMENTAL;ATROPELLO DE PEATON;PEATON;PEATON;70;F;2;MOTO;FRANKLIN DELANO ROOSEVELT esq. M. CURIE;687980,1186;6132536,794
14/11/2015 22:30;PAYSANDU;PAYSANDU;DEPARTAMENTAL;ATROPELLO DE PEATON;PEATON;PEATON;49;M;7;MOTO;BOULEVARD GENERAL JOSE G. ARTIGAS esq. ANDRESITO;399416,4663;6425422,09
15/11/2015 07:15;RIVERA;SANTA TERESA;DEPARTAMENTAL;CAIDA;MOTO;CONDUCTOR;47;M;2;;AVENIDA ITALIA esq. CAMINO ARTURO NU¥EZ;636754,7499;6579039,127
15/11/2015 02:50;MONTEVIDEO;MONTEVIDEO;DEPARTAMENTAL;COLISION ENTRE VEHICULOS;MOTO;CONDUCTOR;22;M;1;AUTO;SIRACUSA  esq. VILLA DE MASNOU;583626,3929;6140128,131
15/11/2015 17:10;RIO NEGRO;N/C;NACIONAL;COLISION ENTRE VEHICULOS;MOTO;CONDUCTOR;67;M;0;CAMION;RUTA 3 km. 312;444800,73;6375821,305
12/11/2015 09:20;MONTEVIDEO;MONTEVIDEO;DEPARTAMENTAL;COLISION ENTRE VEHICULOS;MOTO;CONDUCTOR;24;M;11;CAMIONETA;AVENIDA ACROPOLIS esq. LOCARNO;579430,4393;6144689,775
16/11/2015 13:00;MONTEVIDEO;MONTEVIDEO;DEPARTAMENTAL;CAIDA;MOTO;CONDUCTOR;28;M;0;;CAMINO GENERAL OSVALDO RODRIGUEZ esq. CAMINO CORONEL RAIZ;573175,9695;6149965,756
16/11/2015 12:00;CANELONES;SAN LUIS;NACIONAL;COLISION ENTRE VEHICULOS;BICICLETA;CONDUCTOR;77;M;8;CAMIONETA;RUTA INTERBALNEARIA esq. ACU¥A DE FIGUEROA;630314,1466;6151502,66
16/11/2015 22:10;MONTEVIDEO;MONTEVIDEO;DEPARTAMENTAL;COLISION ENTRE VEHICULOS;MOTO;CONDUCTOR;19;M;1;MOTO;CARLOS OTT esq. ROMAN FREIRE;569845,5987;6148358,241
16/11/2015 22:10;MONTEVIDEO;MONTEVIDEO;DEPARTAMENTAL;COLISION ENTRE VEHICULOS;MOTO;CONDUCTOR;30;M;0;MOTO;CARLOS OTT esq. ROMAN FREIRE;569845,5987;6148358,241
17/11/2015 11:10;CANELONES;LAS PIEDRAS;DEPARTAMENTAL;COLISION ENTRE VEHICULOS;MOTO;CONDUCTOR;47;F;0;CARRO;JUAN DIAZ DE SOLIS esq. ROTONDA;573093,2259;6157089,286
19/11/2015 06:00;RIO NEGRO;N/C;NACIONAL;DESPISTE;AUTO;CONDUCTOR;26;M;0;;Ruta 25 km. 31.100;445423,463;6386363,449
19/11/2015 16:00;FLORIDA;N/C;NACIONAL;COLISION ENTRE VEHICULOS;CAMIONETA;CONDUCTOR;51;M;1;AUTO;RUTA 5 km. 168,500;553538,0438;6293148,284
20/11/2015 16:20;RIVERA;PARAJE DE CORTUME;DEPARTAMENTAL;COLISION ENTRE VEHICULOS;MOTO;CONDUCTOR;57;M;1;CAMIONETA;CORTUME esq. Cmno. Departamental;673924,9852;6483166,431
20/11/2015 17:45;SALTO;N/C;NACIONAL;COLISION ENTRE VEHICULOS;MOTO;CONDUCTOR;48;F;1;OMNIBUS;RUTA 31 Km. 13;423782,9037;6527819,456
20/11/2015 19:40;COLONIA;CARMELO;DEPARTAMENTAL;COLISION ENTRE VEHICULOS;MOTO;CONDUCTOR;55;M;1;AUTO;DE LAS TUNAS esq. ITALIA;381664,7336;6239686,228
23/11/2015 19:50;FLORIDA;25 DE AGOSTO;DEPARTAMENTAL;CAIDA;MOTO;CONDUCTOR;48;M;1;;LA IGUALDAD esq. GASPAR RODRÖGUEZ;553246,1689;6192737,752
24/11/2015 04:05;PAYSANDU;PAYSANDU;DEPARTAMENTAL;ATROPELLO DE ANIMALES;MOTO;CONDUCTOR;55;M;0;;WILSON FERREIRA ALDUNATE esq. RUTA TRES;401563,191;6424405,833
25/11/2015 10:35;SALTO;SALTO;DEPARTAMENTAL;COLISION ENTRE VEHICULOS;BICICLETA;CONDUCTOR;75;M;0;MOTO;GENERAL FRUCTUOSO RIVERA esq. JOSE PEDRO VARELA;411002,5623;6526467,903
26/11/2015 20:30;TREINTA Y TRES;TREINTA Y TRES;DEPARTAMENTAL;COLISION ENTRE VEHICULOS;MOTO;CONDUCTOR;49;M;1;MOTO;AVENIDA APARICIO SARAVIA esq. JOSE REVENTOS;744206,6778;6320311,221
26/11/2015 09:35;SORIANO;DOLORES;DEPARTAMENTAL;ATROPELLO DE PEATON;PEATON;PEATON;68;F;1;MOTO;GENERAL JOSE G. ARTIGAS esq. JOSE PEDRO VARELA;387134,2634;6289316,301
27/11/2015 11:30;MONTEVIDEO;MONTEVIDEO;DEPARTAMENTAL;ATROPELLO DE PEATON;PEATON;PEATON;85;F;0;CAMION;AVENIDA BURGUES esq. BOULEVARD GENERAL ARTIGAS;574393,7341;6140955,313
27/11/2015 18:10;RIVERA;RIVERA;DEPARTAMENTAL;ATROPELLO DE PEATON;PEATON;PEATON;78;F;1;MOTO;AVENIDA ITALIA esq. CORONEL LEONARDO OLIVERA;636497,0522;6578811,38
27/11/2015 18:25;MONTEVIDEO;MONTEVIDEO;DEPARTAMENTAL;DESPISTE;CAMIONETA;CONDUCTOR;52;M;0;;AVENIDA DON PEDRO DE MENDOZA esq. CAMINO ALTAIR;576253,2232;6151884,261
27/11/2015 17:20;SALTO;SALTO;DEPARTAMENTAL;COLISION ENTRE VEHICULOS;MOTO;PASAJERO;19;F;0;CAMIONETA;CATALINA HARRIAGUE DE CASTA¥O esq. RIO D'OURO;406404,9776;6525384,465
28/11/2015 17:15;MONTEVIDEO;MONTEVIDEO;DEPARTAMENTAL;COLISION ENTRE VEHICULOS;AUTO;CONDUCTOR;;F;4;AUTO;AVENIDA DON PEDRO DE MENDOZA esq. CAMINO AMERICA;576430,5175;6154870,574
30/11/2015 19:50;FLORIDA;FLORIDA;DEPARTAMENTAL;COLISION ENTRE VEHICULOS;MOTO;CONDUCTOR;39;M;0;MOTO;JUAN FRANCISCO LARROBLA esq. JOSE BATLLE Y ORDO¥EZ;572643,6478;6226094,848
01/12/2015 20:46;MONTEVIDEO;MONTEVIDEO;DEPARTAMENTAL;COLISION ENTRE VEHICULOS;MOTO;CONDUCTOR;76;F;1;MOTO;GUANAHANY esq. CAMINO FAUQUET;569278,3939;6149744,238
02/12/2015 10:50;CANELONES;MIGUES;NACIONAL;CAIDA;MOTO;CONDUCTOR;65;M;0;;RUTA 81 km 92;626808,6648;6183153,244
03/12/2015 23:45;MONTEVIDEO;MONTEVIDEO;DEPARTAMENTAL;COLISION ENTRE VEHICULOS;AUTO;CONDUCTOR;79;F;0;AUTO;RAMBLA O HIGGINS esq. MISSOURI;582656,7658;6138092,158
04/12/2015 17:32;LAVALLEJA;VILLA SERRANA;NACIONAL;DESPISTE;CAMION;CONDUCTOR;31;M;0;;RUTA 13 km. 151,700;689501,8297;6207812,246
05/12/2015 21:30;MONTEVIDEO;MONTEVIDEO;DEPARTAMENTAL;COLISION ENTRE VEHICULOS;MOTO;CONDUCTOR;24;M;0;AUTO;AVENIDA JOSE BELLONI esq. CAMINO BENITO BERGES;579029,7521;6149652,46
06/12/2015 22:00;CANELONES;COSTA DE ORO;DEPARTAMENTAL;CAIDA;MOTO;CONDUCTOR;32;M;1;;VICTOR F. PRIETTO esq. JOSE ENRIQUE RODO;594072,2531;6145097,309
07/12/2015 13:20;MONTEVIDEO;MONTEVIDEO;DEPARTAMENTAL;ATROPELLO DE PEATON;PEATON;PEATON;73;M;0;AUTO;RAMBLA REPUBLICA DE CHILE esq. COLOMBES;580872,3945;6138007,29
08/12/2015 08:00;SORIANO;N/C;NACIONAL;COLISION CON OBSTACULO;AUTO;CONDUCTOR;64;M;0;;RUTA 2 km. 199;453889,77;6263203,53
08/12/2015 23:10;TACUAREMBO;TACUAREMBO;DEPARTAMENTAL;COLISION ENTRE VEHICULOS;MOTO;CONDUCTOR;27;M;0;MOTO;JUAN DOMINGO ARENA esq. AVENIDA JOHN F. KENNEDY;598248,4441;6489296,689
09/12/2015 19:31;MONTEVIDEO;MONTEVIDEO;DEPARTAMENTAL;COLISION ENTRE VEHICULOS;MOTO;CONDUCTOR;32;M;0;AUTO;AVENIDA GENERAL SAN MARTIN esq. DOCTOR HORACIO GARCIA LAGOS;576061,0702;6145725,732
11/12/2015 20:30;CANELONES;ATLANTIDA;NACIONAL;COLISION ENTRE VEHICULOS;MOTO;CONDUCTOR;47;M;3;AUTO;RUTA 11 km. 162;612312,6105;6156241,236
11/12/2015 21:45;MONTEVIDEO;MONTEVIDEO;DEPARTAMENTAL;COLISION ENTRE VEHICULOS;MOTO;CONDUCTOR;50;M;1;MOTO;HABANA esq. FRAY MANUEL DE UBEDA;578892,2873;6142109,914
13/12/2015 22:10;MONTEVIDEO;MONTEVIDEO;DEPARTAMENTAL;ATROPELLO DE PEATON;PEATON;PEATON;53;M;0;AUTO;AVENIDA JOSE BELLONI esq. VIENA;578840,1587;6144323,572
16/12/2015 01:05;RIVERA;RIVERA;DEPARTAMENTAL;CAIDA;MOTO;CONDUCTOR;24;M;1;;AVENIDA LIBANO esq. ORLANDO BONILLA;641943,453;6579973,486
16/12/2015 19:46;MONTEVIDEO;MONTEVIDEO;DEPARTAMENTAL;COLISION ENTRE VEHICULOS;MOTO;CONDUCTOR;48;M;1;CAMIONETA;JOSE LLUPES esq. DIOGENES HEQUET;570248,9252;6143371,35
18/12/2015 04:50;CANELONES;N/C;NACIONAL;DESPISTE;AUTO;CONDUCTOR;29;M;0;;RUTA 11 km. 90,400;560329,0299;6183780,499
18/12/2015 08:30;CANELONES;LAS PIEDRAS;DEPARTAMENTAL;ATROPELLO DE PEATON;PEATON;PEATON;81;F;0;CAMION;ELIAS REGULES esq. TORRES GARCIA;571935,1954;6158349,1
18/12/2015 11:45;MONTEVIDEO;MONTEVIDEO;DEPARTAMENTAL;COLISION ENTRE VEHICULOS;AUTO;CONDUCTOR;27;M;1;AUTO;GENERAL MARTIN RODRIGUEZ esq. CAYAMBE;575569,4356;6143871,215
19/12/2015 00:40;DURAZNO;DURAZNO;NACIONAL;COLISION ENTRE VEHICULOS;MOTO;CONDUCTOR;18;M;1;CAMIONETA;RUTA 5 km. 182;544748,02;6304047,77
19/12/2015 06:45;CANELONES;PINAMAR;DEPARTAMENTAL;CAIDA;MOTO;CONDUCTOR;32;F;1;;COLON esq. YAMANDU;605313,098;6151308,417
19/12/2015 17:40;CERRO LARGO;FRAILE MUERTO;NACIONAL;COLISION ENTRE VEHICULOS;MOTO;CONDUCTOR;44;M;1;MOTO;Ruta 7 km 352.500;730762,3614;6399464,268
19/12/2015 22:20;CANELONES;ARAMINDA;DEPARTAMENTAL;CAIDA;MOTO;PASAJERO;15;F;0;;ESPINILLO ENTRE BOYERO Y RAMBLA DEL BOSQUE;632059,074;6149769,958
20/12/2015 03:45;MONTEVIDEO;MONTEVIDEO;DEPARTAMENTAL;ATROPELLO DE PEATON;PEATON;PEATON;56;M;0;AUTO;AVENIDA DOCTOR LUIS ALBERTO DE HERRERA esq. VALLADOLID;576258,2293;6141025,326
20/12/2015 06:39;PAYSANDU;PAYSANDU;DEPARTAMENTAL;CAIDA;MOTO;CONDUCTOR;20;M;5;;BOULEVAR ARTIGAS esq. AV SALTO;399322,1211;6424791,566
20/12/2015 06:25;CANELONES;CANELONES;DEPARTAMENTAL;CAIDA;CAMIONETA;PASAJERO;25;M;11;;JOSE BATLLE Y ORDO¥EZ esq. TOMAS BERRETA;565883,7948;6179532,363
21/12/2015 07:45;COLONIA;NUEVA HELVECIA;DEPARTAMENTAL;COLISION ENTRE VEHICULOS;MOTO;CONDUCTOR;59;M;0;CAMIONETA;URUGUAY esq. ECUADOR;477040,799;6204258,945
20/12/2015 23:00;SAN JOSE;N/C;DEPARTAMENTAL;COLISION ENTRE VEHICULOS;MOTO;CONDUCTOR;79;M;0;CAMIONETA;CAMINO CARRETON a 3 kms de Ruta Nacional Nro. 3;521873,9225;6197266,932
21/12/2015 11:25;SAN JOSE;CIUDAD DEL PLATA;DEPARTAMENTAL;COLISION ENTRE VEHICULOS;CUATRICICLO;CONDUCTOR;67;M;0;CAMION;RUTA 1 VIEJA km. 32,000;555620,9052;6152498,131
22/12/2015 18:25;PAYSANDU;PAYSANDU;DEPARTAMENTAL;COLISION ENTRE VEHICULOS;MOTO;CONDUCTOR;74;F;3;AUTO;CERRITO esq. INDUSTRIAS;398822,3562;6425324,395
23/12/2015 00:20;RIO NEGRO;N/C;NACIONAL;COLISION ENTRE VEHICULOS;AUTO;CONDUCTOR;40;M;0;CAMION;RUTA 3 km. 264;470825,7129;6347997,171
23/12/2015 00:00;MONTEVIDEO;MONTEVIDEO;NACIONAL;COLISION ENTRE VEHICULOS;MOTO;CONDUCTOR;62;M;1;OMNIBUS;RUTA 5 KM 10 esq. CAMINO MELILLA;568242,253;6145155,54
23/12/2015 17:10;COLONIA;ARTILLEROS;NACIONAL;COLISION ENTRE VEHICULOS;MOTO;CONDUCTOR;60;M;0;OMNIBUS;RUTA 22 km. 40;448705,3806;6195571,974
23/12/2015 18:26;MONTEVIDEO;MONTEVIDEO;DEPARTAMENTAL;COLISION ENTRE VEHICULOS;MOTO;CONDUCTOR;20;M;0;CAMIONETA;SANTIAGO SIERRA esq. CAPITAN BASILIO ARAUJO;575980,8729;6142730,357
24/12/2015 23:12;CANELONES;N/C;NACIONAL;ATROPELLO DE PEATON;PEATON;PEATON;64;M;0;CAMIONETA;RUTA 11 km. 158.800;610618,7217;6158889,953
25/12/2015 09:15;MALDONADO;PAN DE AZUCAR;NACIONAL;COLISION ENTRE VEHICULOS;MOTO;CONDUCTOR;29;M;0;AUTO;Intersecci¢n RUTA 37 y RUTA INTERBALNEARIA;661233,4265;6148674,485
25/12/2015 09:15;MALDONADO;PAN DE AZUCAR;NACIONAL;COLISION ENTRE VEHICULOS;AUTO;CONDUCTOR;63;F;0;MOTO;Intersecci¢n RUTA 37 y RUTA INTERBALNEARIA;661233,4265;6148674,485
25/12/2015 09:15;MALDONADO;PAN DE AZUCAR;NACIONAL;ATROPELLO DE PEATON;PEATON;PEATON;58;F;0;AUTO;Intersecci¢n RUTA 37 y RUTA INTERBALNEARIA;661233,4265;6148674,485
25/12/2015 13:15;MALDONADO;PUNTA DEL ESTE;DEPARTAMENTAL;COLISION ENTRE VEHICULOS;BICICLETA;CONDUCTOR;8;F;1;AUTO;Av. ROOSEVELT esq. MAURICIO LITMAN;687368,3642;6133255,478
25/12/2015 16:08;MONTEVIDEO;MONTEVIDEO;DEPARTAMENTAL;COLISION ENTRE VEHICULOS;MOTO;CONDUCTOR;40;M;0;CAMION;Av. DE LAS INSTRUCCIONES esq. C;578668,0101;6150480,653
26/12/2015 04:44;SAN JOSE;N/C;NACIONAL;COLISION ENTRE VEHICULOS;BICICLETA;CONDUCTOR;34;M;0;CAMIONETA;Ruta 1 km. 24;542961,245;6161080,061
26/12/2015 21:50;CANELONES;CIUDAD DE LA COSTA;NACIONAL;ATROPELLO DE PEATON;PEATON;PEATON;51;F;0;AUTO;RUTA INTERBALNEARIA esq. MARQUEZ CASTRO;594572,0515;6147423,003
29/12/2015 18:05;MALDONADO;SOLIS;NACIONAL;DESPISTE;AUTO;PASAJERO;70;F;0;;RUTA INTERBALNEARIA esq. Km 83;648869,158;6149342,559
29/12/2015 18:05;MALDONADO;SOLIS;NACIONAL;DESPISTE;AUTO;CONDUCTOR;72;M;1;;RUTA INTERBALNEARIA esq. Km 83;648869,158;6149342,559
31/12/2015 21:50;SORIANO;N/C;NACIONAL;COLISION ENTRE VEHICULOS;AUTO;CONDUCTOR;36;M;0;CAMIONETA;RUTA 2 km. 217 ;443937,4859;6275854,715
