Fecha y hora;Departamento;Jurisdicción ;Vehículo;Edad;Sexo;Fallecido a los (Días);Tipo de Siniestro;Otro vehículo;Lugar del Siniestro
01/01/2012 00:00;MONTEVIDEO;DEPARTAMENTAL;PEATON;13;M;1;ATROPELLO DE PEATON;CAMIONETA;CAMINO MALDONADO  esq. CAMPILLOS
01/01/2012 21:25;CANELONES;NACIONAL;AUTO;39;F;0;COLISION ENTRE VEHICULOS;AUTO;RUTA 11 KM. 164
01/01/2012 21:25;CANELONES;NACIONAL;AUTO;33;M;1;COLISION ENTRE VEHICULOS;AUTO;RUTA 11 KM. 164
02/01/2012 17:20;ROCHA;NACIONAL;BICICLETA;45;M;0;COLISION ENTRE VEHICULOS;AUTO;RUTA 9 KM. 212
03/01/2012 07:30;CANELONES;DEPARTAMENTAL;MOTO;31;M;0;COLISION ENTRE VEHICULOS;OMNIBUS;ELIAS REGULES 
05/01/2012 08:30;MONTEVIDEO;NACIONAL;MOTO;44;M;1;COLISION ENTRE VEHICULOS;MOTO;RUTA CIENTODOS  ESQUINA JOSE BELLONI
05/01/2012 18:20;CANELONES;NACIONAL;PEATON;77;M;1;ATROPELLO DE PEATON;AUTO;RUTA INTERBALNEARIA KM. 44200
05/01/2012 21:45;MALDONADO;DEPARTAMENTAL;AUTO;Sin Dato;M;0;DESPISTE;;CNO. AGROLAND
06/01/2012 10:10;MALDONADO;NACIONAL;AUTO;24;F;1;DESPISTE;-;RUTA 93
06/01/2012 14:00;CANELONES;NACIONAL;PEATON;36;M;9;ATROPELLO DE PEATON;CAMION;RUTA 6 KM. 64
08/01/2012 02:00;CERRO LARGO;NACIONAL;AUTO;37;M;1;COLISION ENTRE VEHICULOS;CAMIONETA;RUTA 8 KM 427
10/01/2012 10:45;PAYSANDU;DEPARTAMENTAL;MOTO;24;M;9;COLISION ENTRE VEHICULOS;CAMIONETA;NICOLAS LORENZO Y SEQUEIRA
10/01/2012 16:00;MONTEVIDEO;DEPARTAMENTAL;MOTO;61;M;1;COLISION ENTRE VEHICULOS;MOTO;CAMINO DOMINGO ARENA ELISA A MENENDEZ
11/01/2012 01:10;PAYSANDU;DEPARTAMENTAL;MOTO;19;M;0;CAIDA;-;AV. DE LOS IRACUNDOS Y ANDRESITO
11/01/2012 03:55;FLORES;DEPARTAMENTAL;MOTO;32;M;0;COLISION ENTRE VEHICULOS;CAMION;ANSINA esq. ZELMAR MICHELINI
11/01/2012 12:30;MONTEVIDEO;DEPARTAMENTAL;MOTO;55;M;3;COLISION ENTRE VEHICULOS;CAMION;BOULEVARD JOSE BATLLE Y ORDOÑEZ esq. AVENIDA GENERAL EUGENIO GARZON
13/01/2012 21:50;CANELONES;NACIONAL;MOTO;17;F;0;COLISION ENTRE VEHICULOS;AUTO;RUTA 8  KM 30 FRENTE AL DEVOTO PANDO
13/01/2012 21:50;CANELONES;NACIONAL;MOTO;20;F;0;COLISION ENTRE VEHICULOS;AUTO;RUTA 8  KM 30 FRENTE AL DEVOTO PANDO
13/01/2012 21:50;CANELONES;NACIONAL;MOTO;3;F;1;COLISION ENTRE VEHICULOS;AUTO;RUTA 8  KM 30 FRENTE AL DEVOTO PANDO
13/01/2012 22:00;PAYSANDU;DEPARTAMENTAL;MOTO;43;F;1;COLISION ENTRE VEHICULOS;AUTO;LUIS BATLLE BERRES Y EXODO
14/01/2012 07:55;CANELONES;NACIONAL;CAMIONETA;47;F;0;COLISION ENTRE VEHICULOS;AUTO;RUTA 11 KM. 143100
14/01/2012 13:35;MONTEVIDEO;DEPARTAMENTAL;MOTO;49;M;1;COLISION ENTRE VEHICULOS;CAMION;EMILIO ROMERO Nro. 200 esq. DOCTOR VICENTE BASAGOITY
15/01/2012 15:45;FLORIDA;NACIONAL;AUTO;50;M;1;DESPISTE;-;RUTA 5 KM 163
15/01/2012 15:45;FLORIDA;NACIONAL;AUTO;13;M;1;DESPISTE;-;RUTA 5 KM 163
15/01/2012 18:40;CANELONES;NACIONAL;AUTO;97;F;17;COLISION ENTRE VEHICULOS;CAMIONETA;RUTA 36 KM 26.500
15/01/2012 22:30;MALDONADO;DEPARTAMENTAL;MOTO;20;M;1;COLISION ENTRE VEHICULOS;MOTO;SIMON DEL PINO esq. ALBERTO CL CARACARA
16/01/2012 06:30;SALTO;DEPARTAMENTAL;MOTO;18;M;13;COLISION ENTRE VEHICULOS;AUTO;LARRAÑAGA Y RIVERA
17/01/2012 07:35;MONTEVIDEO;DEPARTAMENTAL;PEATON;65;F;0;ATROPELLO DE PEATON;CAMION;BOULEVARD JOSE BATLLE Y ORDOÑEZ esq. CAMINO CORONEL RAIZ
17/01/2012 10:20;MONTEVIDEO;DEPARTAMENTAL;PEATON;79;F;3;ATROPELLO DE PEATON;AUTO;AVENIDA GENERAL FLORES esq. CUFRE
18/01/2012 10:00;MONTEVIDEO;DEPARTAMENTAL;PEATON;69;F;0;ATROPELLO DE PEATON;CAMION;AVENIDA BRASIL esq. LIBERTAD
22/01/2012 03:10;SAN JOSE;NACIONAL;MOTO;26;M;0;COLISION ENTRE VEHICULOS;CAMIONETA;RUTA 1 KM. 56
23/01/2012 01:00;SAN JOSE;DEPARTAMENTAL;MOTO;19;M;0;COLISION ENTRE VEHICULOS;MOTO;CAMINO DE LA COSTA
23/01/2012 01:00;SAN JOSE;DEPARTAMENTAL;MOTO;32;M;0;COLISION ENTRE VEHICULOS;MOTO;CAMINO DE LA COSTA
23/01/2012 04:45;LAVALLEJA;NACIONAL;MOTO;27;M;18;DESPISTE;-;RUTA 14 KM 277.900
24/01/2012 05:00;RIVERA;NACIONAL;AUTO;49;M;0;DESPISTE;-;SARANDI esq. BRASIL
27/01/2012 02:00;MONTEVIDEO;DEPARTAMENTAL;MOTO;49;F;1;COLISION ENTRE VEHICULOS;MOTO;SAN MARTIN Y LORENZO FERNANDEZ
28/01/2012 06:35;RIVERA;DEPARTAMENTAL;MOTO;26;M;1;COLISION ENTRE VEHICULOS;OMNIBUS;SARANDI esq. BRASIL
28/01/2012 15:10;MONTEVIDEO;DEPARTAMENTAL;MOTO;46;F;1;COLISION ENTRE VEHICULOS;CAMIONETA;BR. BATLLE Y ORDOÑEZ Y NEIRA
28/01/2012 19:20;RIVERA;DEPARTAMENTAL;MOTO;63;M;0;COLISION ENTRE VEHICULOS;CAMIONETA;SARANDI esq. BRASIL
29/01/2012 05:15;FLORES;DEPARTAMENTAL;MOTO;37;M;1;DESPISTE;-;HERRERA Y ANSINA
29/01/2012 13:15;RIO NEGRO;NACIONAL;AUTO;19;M;0;COLISION ENTRE VEHICULOS;AUTO;RUTA 55
29/01/2012 13:15;RIO NEGRO;NACIONAL;AUTO;34;F;0;COLISION ENTRE VEHICULOS;AUTO;RUTA 55
29/01/2012 13:15;RIO NEGRO;NACIONAL;AUTO;20;M;0;COLISION ENTRE VEHICULOS;AUTO;RUTA 55
29/01/2012 13:15;RIO NEGRO;NACIONAL;AUTO;54;M;0;COLISION ENTRE VEHICULOS;AUTO;RUTA 55
29/01/2012 15:00;COLONIA;DEPARTAMENTAL;AUTO;71;F;0;COLISION ENTRE VEHICULOS;AUTO;RAFAEL BARRADAS esq. BLANES VIALE
29/01/2012 17:20;LAVALLEJA;DEPARTAMENTAL;AUTO;62;M;9;DESPISTE;-;RUTA 108 KM. 126
31/01/2012 23:15;MALDONADO;NACIONAL;MOTO;22;M;0;COLISION ENTRE VEHICULOS;MOTO;RUTA10 
31/01/2012 23:15;MALDONADO;NACIONAL;MOTO;20;M;0;COLISION ENTRE VEHICULOS;MOTO;RUTA10 
01/02/2012 04:00;CERRO LARGO;DEPARTAMENTAL;MOTO;40;M;0;CAIDA;-;AV. ESPAÑA Y MALDONADO
01/02/2012 20:45;ROCHA;DEPARTAMENTAL;PEATON;19;M;0;ATROPELLO DE PEATON;AUTO;CAMINO A BARRIOS TORRES FRENTE A CANCHA DE WANDERS 
01/02/2012 20:45;ROCHA;DEPARTAMENTAL;PEATON;15;F;0;ATROPELLO DE PEATON;AUTO;CAMINO A BARRIOS TORRES FRENTE A CANCHA DE WANDERS 
02/02/2012 22:10;MONTEVIDEO;DEPARTAMENTAL;MOTO;31;M;2;COLISION ENTRE VEHICULOS;CAMIONETA;BOULEVARD APARICIO SARAVIA Nro. 5070 esq. AVENIDA BURGUES
03/02/2012 06:45;MONTEVIDEO;DEPARTAMENTAL;MOTO;38;M;1;COLISION ENTRE VEHICULOS;MOTO;GERONIMO PICCIOLI Nro. 2901 esq. JUAN JACOBO ROUSSEAU
04/02/2012 00:45;CANELONES;DEPARTAMENTAL;MOTO;26;M;0;COLISION ENTRE VEHICULOS;CAMION;LAVALLEJA Y A. LEGNANI
04/02/2012 11:00;MALDONADO;DEPARTAMENTAL;BICICLETA;59;M;7;COLISION ENTRE VEHICULOS;ÓMNIBUS;CALLE 10 Y MAREANTES
05/02/2012 00:22;MONTEVIDEO;DEPARTAMENTAL;MOTO;38;M;0;COLISION ENTRE VEHICULOS;MOTO;GERONIMO PICCIOLI Nro. 2901 esq. JUAN JACOBO ROUSSEAU
05/02/2012 06:41;SORIANO;NACIONAL;MOTO;51;M;0;COLISION ENTRE VEHICULOS;AUTO;RUTA 2 KM 263
05/02/2012 07:45;MALDONADO;DEPARTAMENTAL;MOTO;19;M;1;CAIDA;-;Camino cerro eguzquiza
05/02/2012 09:15;ARTIGAS;DEPARTAMENTAL;MOTO;21;M;1;COLISION ENTRE VEHICULOS;CAMION;BATLLE Y ORDOÑEZ Y COUSIN - BBRUM
05/02/2012 18:15;ARTIGAS;NACIONAL;MOTO;47;M;1;DESPISTE;-;CARLOS LECUEDER  esq. AMARO FERREIRA RAMOS
05/02/2012 22:35;TREINTA Y TRES;NACIONAL;BICICLETA;53;M;1;COLISION ENTRE VEHICULOS;CAMION;MANUEL ORIBE Nro. 1439 esq. MANUEL LAVALLEJA
06/02/2012 16:27;CANELONES;DEPARTAMENTAL;MOTO;43;F;4;DESPISTE;-;RUTA 64 KM 48
07/02/2012 13:30;CANELONES;NACIONAL;PEATON;79;M;0;ATROPELLO DE PEATON;AUTO;AVENIDA DE LOS PINOS esq. RUTA INTERBALNEARIA
07/02/2012 20:40;CANELONES;DEPARTAMENTAL;MOTO;22;M;0;COLISION ENTRE VEHICULOS;CAMIONETA;AVENIDA BOLIVIA esq. AVENIDA GENERAL FLORES
07/02/2012 21:27;MALDONADO;DEPARTAMENTAL;MOTO;46;M;0;COLISION ENTRE VEHICULOS;MOTO;AVENIDA ROCHA Y JOAQUIN SUAREZ
08/02/2012 20:35;MONTEVIDEO;DEPARTAMENTAL;MOTO;35;M;0;CAIDA;-;CAMINO MALDONADO esq. RUBEN DARIO --FLOR DE MAROÑAS--
08/02/2012 21:45;MONTEVIDEO;DEPARTAMENTAL;MOTO;62;M;1;COLISION ENTRE VEHICULOS;CARRO;INSTRUCCIONES Y CON. LA ESPIGA
10/02/2012 22:00;CANELONES;NACIONAL;MOTO;19;F;1;COLISION ENTRE VEHICULOS;AUTO;RUTA INTERBALNEARIA  esq. AVENIDA SAN MARTIN
11/02/2012 11:40;MONTEVIDEO;DEPARTAMENTAL;PEATON;70;M;0;ATROPELLO DE PEATON;CAMIONETA;GALICIA Nro. 1099 esq. PARAGUAY
12/02/2012 00:50;CANELONES;NACIONAL;MOTO;20;M;0;COLISION ENTRE VEHICULOS;MOTO;RUTA 6 KM. 67500 
13/02/2012 05:21;MONTEVIDEO;DEPARTAMENTAL;MOTO;37;F;0;COLISION CON OBSTACULO;-;AVENIDA GENERAL RIVERA esq. TOMAS BASAÑEZ
13/02/2012 10:30;MONTEVIDEO;NACIONAL;PEATON;92;F;0;ATROPELLO DE PEATON;CAMION;RUTA ACCESO - AVENIDA DOCTOR CARLOS MARIA RAMIREZ Nro. 2601
13/02/2012 21:30;MALDONADO;DEPARTAMENTAL;PEATON;77;F;4;ATROPELLO DE PEATON;MOTO;AVENIDA GAUCHOS esq. CELEDONIO ROJAS
14/02/2012 13:45;MALDONADO;DEPARTAMENTAL;MOTO;18;M;4;COLISION ENTRE VEHICULOS;CAMIONETA;MARCOS DE LOS REYES esq. CONSTITUCION
14/02/2012 15:45;SAN JOSE;NACIONAL;AUTO;20;F;0;DESPISTE;-;RUTA 3 KM 130,500
14/02/2012 15:45;SAN JOSE;NACIONAL;AUTO;37;M;0;DESPISTE;-;RUTA 3 KM 130,500
16/02/2012 17:10;MALDONADO;DEPARTAMENTAL;MOTO;19;M;4;COLISION ENTRE VEHICULOS;OMNIBUS;LIZARZA
17/02/2012 09:45;ARTIGAS;DEPARTAMENTAL;MOTO;19;M;1;COLISION ENTRE VEHICULOS;CAMION;CARLOS LECUEDER  esq. AMARO FERREIRA RAMOS
17/02/2012 16:30;RIVERA;NACIONAL;BICICLETA;13;M;3;COLISION ENTRE VEHICULOS;CAMIONETA;SARANDI esq. BRASIL
17/02/2012 17:00;CANELONES;DEPARTAMENTAL;MOTO;14;F;0;COLISION ENTRE VEHICULOS;AUTO;ELIAS REGULES esq. ECUADOR
17/02/2012 17:00;CANELONES;DEPARTAMENTAL;MOTO;16;M;0;COLISION ENTRE VEHICULOS;AUTO;ELIAS REGULES esq. ECUADOR
18/02/2012 02:55;SAN JOSE;NACIONAL;PEATON;52;M;0;ATROPELLO DE PEATON;CAMIONETA;RUTA 1 KM 31,500
18/02/2012 12:55;SALTO;DEPARTAMENTAL;BICICLETA;64;M;3;COLISION ENTRE VEHICULOS;MOTO;AV. BARBIERI Y VIERA
19/02/2012 17:45;MONTEVIDEO;DEPARTAMENTAL;PEATON;81;F;1;ATROPELLO DE PEATON;CAMIONETA;JOSE L. TERRA Y CONCEPCION ARENAL
20/02/2012 07:40;ROCHA;NACIONAL;PEATON;16;M;0;ATROPELLO DE PEATON;AUTO;RUTA 10 - BALNEARIO LA PEDRERA
21/02/2012 06:20;SAN JOSE;NACIONAL;MOTO;55;M;0;COLISION ENTRE VEHICULOS;OMNIBUS;RUTA 1 KM. 47
24/02/2012 03:30;CANELONES;DEPARTAMENTAL;MOTO;34;M;0;COLISION ENTRE VEHICULOS;CAMION;SENDA D 
24/02/2012 09:30;RIVERA;DEPARTAMENTAL;AUTO;82;F;0;DESPISTE;-;SARANDI  esq. BRASIL
24/02/2012 15:20;MONTEVIDEO;DEPARTAMENTAL;BICICLETA;29;M;0;COLISION ENTRE VEHICULOS;CAMION;CAMINO BAJO DE LA PETISA  esq. CAMINO BUFFA
25/02/2012 00:28;MONTEVIDEO;DEPARTAMENTAL;MOTO;27;M;1;COLISION ENTRE VEHICULOS;CAMIONETA;EMILIO CASTELAR esq. ROBERTO BERRO
25/02/2012 10:05;COLONIA;DEPARTAMENTAL;BICICLETA;53;M;1;COLISION ENTRE VEHICULOS;MOTO;JOSE SALVO Y RIVERA - LACAZE
25/02/2012 16:35;RIVERA;DEPARTAMENTAL;AUTO;53;M;0;COLISION ENTRE VEHICULOS;AUTO;SARANDI esq. BRASIL
25/02/2012 23:30;SALTO;DEPARTAMENTAL;BICICLETA;20;F;1;COLISION ENTRE VEHICULOS;AUTO;MANUEL ORIBE Y OFICIAL 1
26/02/2012 00:30;CANELONES;DEPARTAMENTAL;MOTO;18;F;1;COLISION ENTRE VEHICULOS;AUTO;AVENIDA INGENIERO LUIS GIANNATTASIO esq. AVENIDA PEREZ BUTLER
27/02/2012 06:30;COLONIA;NACIONAL;AUTO;Sin Dato;F;0;DESPISTE;-;RUTA 1 KM 169
29/02/2012 00:45;PAYSANDU;NACIONAL;BICICLETA;47;M;0;COLISION ENTRE VEHICULOS;CAMION;RUTA 3 KM. 378
29/02/2012 04:05;MONTEVIDEO;DEPARTAMENTAL;MOTO;20;M;0;COLISION ENTRE VEHICULOS;CAMIONETA;RIVERA INDARTE esq. DOCTOR MARTIN BERINDUAGUE
29/02/2012 22:05;MALDONADO;DEPARTAMENTAL;AUTO;46;F;1;COLISION ENTRE VEHICULOS;CAMIONETA;BOULEVARD ARTIGAS esq. SIN NOMBRE
02/03/2012 19:25;FLORES;NACIONAL;AUTO;58;M;1;COLISION ENTRE VEHICULOS;CAMION;RUTA 3 PUENTE EL JUNCAL
02/03/2012 19:30;SALTO;DEPARTAMENTAL;PEATON;86;M;1;ATROPELLO DE PEATON;MOTO;SOCA Y DIEGO LAMAS
02/03/2012 22:25;MONTEVIDEO;DEPARTAMENTAL;BICICLETA;12;M;0;COLISION ENTRE VEHICULOS;MOTO;AMEGHINO Nro. 5002 esq. SERGIPE
03/03/2012 00:00;SALTO;DEPARTAMENTAL;MOTO;42;M;5;COLISION ENTRE VEHICULOS;MOTO;COSTANERA Y CERVANTES
03/03/2012 08:00;MALDONADO;DEPARTAMENTAL;AUTO;20;M;0;COLISION ENTRE VEHICULOS;CAMIONETA;BOULEVARD ARTIGAS esq. LOUVRE
04/03/2012 06:30;MALDONADO;NACIONAL;MOTO;30;F;0;CAIDA;-;RUTA 93 
04/03/2012 08:15;COLONIA;NACIONAL;MOTO;20;M;0;DESPISTE;-;RUTA 1 KM 144
04/03/2012 22:45;CERRO LARGO;NACIONAL;MOTO;15;M;0;COLISION ENTRE VEHICULOS;MOTO;RUTA 26 KM 383
04/03/2012 22:45;CERRO LARGO;NACIONAL;MOTO;19;M;1;COLISION ENTRE VEHICULOS;MOTO;RUTA 26 KM 383
07/03/2012 01:05;MONTEVIDEO;DEPARTAMENTAL;AUTO;37;M;0;DESPISTE;-;AVENIDA GENERAL SAN MARTIN esq. AVENIDA GUSTAVO VOLPE
07/03/2012 07:50;MONTEVIDEO;DEPARTAMENTAL;MOTO;27;M;1;COLISION ENTRE VEHICULOS;AUTO;BOULEVARD JOSE BATLLE Y ORDOÑEZ esq. NEIRA
07/03/2012 11:05;MONTEVIDEO;DEPARTAMENTAL;PEATON;71;F;27;ATROPELLO DE PEATON;MOTO;AVENIDA DAMASO ANTONIO LARRAÑAGA esq. SEBASTIAN ELCANO
07/03/2012 13:00;SAN JOSE;NACIONAL;MOTO;19;M;0;COLISION ENTRE VEHICULOS;CAMIONETA;RUTA 1 KM 78 
07/03/2012 15:15;MALDONADO;DEPARTAMENTAL;MOTO;64;M;0;CAIDA;-;APARICIO SARAVIA Y PEDRAGOSA SIERRA
07/03/2012 23:00;MONTEVIDEO;DEPARTAMENTAL;MOTO;25;M;0;COLISION ENTRE VEHICULOS;MOTO;AVENIDA DOMINGO SARMIENTO Nro. 2652 esq. FRANCISCO AGUILAR
09/03/2012 00:30;DURAZNO;NACIONAL;MOTO;18;F;0;COLISION CON OBSTACULO;-;RUTA 5 KM. 186
09/03/2012 05:05;TREINTA Y TRES;DEPARTAMENTAL;MOTO;51;M;0;CAIDA;-;BOULEVARD FRUCTUOSO DEL PUERTO esq. TENIENTES DE ARTIGAS
10/03/2012 10:00;SALTO;DEPARTAMENTAL;PEATON;78;F;0;ATROPELLO DE PEATON;CAMIONETA;ARTIGAS esq. VEINTICINCO DE AGOSTO
10/03/2012 13:40;CERRO LARGO;NACIONAL;MOTO;71;M;28;COLISION ENTRE VEHICULOS;MOTO;AV. ITALIA Y LAS TROPAS
10/03/2012 13:40;CERRO LARGO;NACIONAL;MOTO;Sin Dato;F;5;COLISION ENTRE VEHICULOS;MOTO;AV. ITALIA Y LAS TROPAS
10/03/2012 23:00;RIVERA;DEPARTAMENTAL;MOTO;21;M;7;COLISION ENTRE VEHICULOS;AUTO;APARICIO SARAVIA Y FCO. ROMERO
10/03/2012 23:55;CANELONES;DEPARTAMENTAL;PEATON;23;F;0;ATROPELLO DE PEATON;AUTO;AVENIDA INGENIERO LUIS GIANNATTASIO esq. AVENIDA AMELIA RAMIREZ DE GARCIA LAGOS
11/03/2012 00:50;SALTO;NACIONAL;MOTO;16;M;0;DESPISTE;-;RUTA 4 KM 113 Y 114 RUMBO A PUEBLO SEQUEIRA
11/03/2012 06:50;COLONIA;DEPARTAMENTAL;MOTO;28;M;0;CAIDA;-;AVENIDA COSTANERA esq. GENERAL RIVERA
12/03/2012 18:50;PAYSANDU;NACIONAL;CAMIONETA;77;M;11;DESPISTE;;RUTA 90 KM. 15
13/03/2012 04:30;PAYSANDU;NACIONAL;MOTO;39;M;0;CAIDA;-;RUTA 26 KM. 68 
13/03/2012 08:26;SORIANO;DEPARTAMENTAL;CAMIONETA;34;M;0;DESPISTE;-;RUTA 96 KM 30
13/03/2012 12:25;MONTEVIDEO;NACIONAL;MOTO;58;M;0;COLISION ENTRE VEHICULOS;CAMION;RUTA CINCO esq. CAMINO FAUQUET
14/03/2012 09:30;MONTEVIDEO;DEPARTAMENTAL;PEATON;86;F;1;ATROPELLO DE PEATON;CAMIONETA;JAIME ROLDOS Y PONS Y ROBINSON
14/03/2012 11:05;CANELONES;DEPARTAMENTAL;PEATON;67;M;0;ATROPELLO DE PEATON;OMNIBUS;JOSE BATLLE Y ORDOÑEZ esq. BALTASAR BRUM
14/03/2012 15:50;COLONIA;NACIONAL;CAMION;60;M;0;COLISION CON OBSTACULO;;RUTA 2 KM. 133 
15/03/2012 04:20;SALTO;DEPARTAMENTAL;MOTO;17;M;0;ATROPELLO DE ANIMALES;-;AVENIDA SARANDI esq. A. LATORRE
15/03/2012 06:00;SALTO;NACIONAL;AUTO;28;M;0;DESPISTE;-;RUTA 31 KM. 62 
15/03/2012 08:05;RIVERA;DEPARTAMENTAL;MOTO;36;M;0;CAIDA;-;SARANDI  esq. BRASIL
17/03/2012 07:35;CANELONES;NACIONAL;MOTO;28;M;0;COLISION ENTRE VEHICULOS;OMNIBUS;RUTA OCHENTA Y CUATRO 
17/03/2012 08:15;PAYSANDU;NACIONAL;AUTO;62;M;0;DESPISTE;;RUTA 26 KM. 136,5 
17/03/2012 20:40;SALTO;DEPARTAMENTAL;PEATON;76;M;15;ATROPELLO DE PEATON;MOTO;ENTRE RIOS Y COLON
17/03/2012 22:50;SAN JOSE;DEPARTAMENTAL;MOTO;25;M;0;COLISION ENTRE VEHICULOS;CAMIONETA;RUTA 1 esq. Eduardo Pascual
17/03/2012 22:50;SAN JOSE;DEPARTAMENTAL;MOTO;35;M;0;COLISION ENTRE VEHICULOS;CAMIONETA;RUTA 1 esq. Eduardo Pascual
18/03/2012 00:50;MONTEVIDEO;DEPARTAMENTAL;MOTO;50;M;0;COLISION ENTRE VEHICULOS;BICICLETA;AVENIDA GENERAL SAN MARTIN esq. CAMINO DOMINGO ARENA
18/03/2012 00:50;MONTEVIDEO;DEPARTAMENTAL;BICICLETA;29;M;0;COLISION ENTRE VEHICULOS;MOTO;AVENIDA GENERAL SAN MARTIN esq. CAMINO DOMINGO ARENA
18/03/2012 19:30;CANELONES;DEPARTAMENTAL;MOTO;59;M;1;COLISION ENTRE VEHICULOS;CAMIONETA;LA GRUTAS esq. BANDA ORIENTAL
21/03/2012 11:00;CANELONES;NACIONAL;PEATON;77;M;1;ATROPELLO DE PEATON;CAMIONETA;E. MARTINEZ MONEGAL esq. BRIGADIER GENERAL LAVALLEJA
21/03/2012 17:50;CERRO LARGO;NACIONAL;MOTO;46;M;0;DESPISTE;-;RUTA 8 KM 446
23/03/2012 13:02;MONTEVIDEO;DEPARTAMENTAL;MOTO;19;M;0;COLISION ENTRE VEHICULOS;AUTO;VICENTE YAÑEZ PINZON Nro. 4601 esq. ANTONIO ZUBILLAGA
23/03/2012 14:45;PAYSANDU;DEPARTAMENTAL;MOTO;60;M;1;COLISION ENTRE VEHICULOS;MOTO;AVENIDA REPUBLICA ARGENTINA esq. JOAQUIN SUAREZ
24/03/2012 06:05;COLONIA;NACIONAL;AUTO;36;M;0;COLISION ENTRE VEHICULOS;CAMION;RUTA 54 KM 5
24/03/2012 08:50;SAN JOSE;NACIONAL;BICICLETA;59;M;0;COLISION ENTRE VEHICULOS;CAMIONETA;TOMAS PENINOesq. RUTA UNO
24/03/2012 09:40;MONTEVIDEO;DEPARTAMENTAL;AUTO;65;M;1;COLISION ENTRE VEHICULOS;CAMION;ROBINSON esq. JAIME ROLDOS Y PONS
24/03/2012 17:25;MONTEVIDEO;NACIONAL;MOTO;44;M;0;COLISION ENTRE VEHICULOS;CAMIONETA;RAMBLA EDISON esq. GENERAL PACHECO
25/03/2012 05:20;ARTIGAS;DEPARTAMENTAL;AUTO;Sin Dato;M;0;DESPISTE;-;CAMINO 19 DFE ABRIL Y PTE TAMANDUA
25/03/2012 09:15;FLORIDA;NACIONAL;CAMIONETA;28;M;0;COLISION ENTRE VEHICULOS;CAMION;RUTA 5 KM. 100,1 
25/03/2012 20:00;FLORES;NACIONAL;AUTO;Sin Dato;M;0;COLISION ENTRE VEHICULOS;AUTO;RUTA 3 KM 179
28/03/2012 02:20;MONTEVIDEO;DEPARTAMENTAL;MOTO;43;M;0;CAIDA;-;LAURELES Nro. 950 esq. HEREDIA
28/03/2012 11:35;MONTEVIDEO;NACIONAL;AUTO;51;M;1;DESPISTE;-;RUTA DE ACCESO esq. AVENIDA DOCTOR SANTIN CARLOS ROSSI
29/03/2012 19:40;TACUAREMBÓ;NACIONAL;BICICLETA;62;M;0;COLISION ENTRE VEHICULOS;CAMIONETA;RUTA 5 KM. 387
29/03/2012 20:15;MALDONADO;DEPARTAMENTAL;PEATON;82;F;2;ATROPELLO DE PEATON;MOTO;ATANASIO LAPIDO Y CABRERA
30/03/2012 18:56;CANELONES;DEPARTAMENTAL;PEATON;1;M;1;ATROPELLO DE PEATON;MOTO;CNO. CARRASCO Y SERSALES
30/03/2012 22:30;MALDONADO;DEPARTAMENTAL;CAMIONETA;56;M;0;COLISION ENTRE VEHICULOS;AUTO;VEINTICINCO DE MAYO esq. DIECIOCHO DE JULIO
31/03/2012 07:30;RIO NEGRO;DEPARTAMENTAL;MOTO;23;M;0;COLISION ENTRE VEHICULOS;CAMION;AVENIDA DIECIOCHO DE JULIO esq. SALTO
31/03/2012 16:05;DURAZNO;NACIONAL;MOTO;42;M;13;COLISION ENTRE VEHICULOS;AUTO;RUTA 6 KM. 203
31/03/2012 18:10;SALTO;DEPARTAMENTAL;MOTO;18;F;1;COLISION ENTRE VEHICULOS;MOTO;AV. PATULE Y 18 DE JULIO
31/03/2012 18:20;MONTEVIDEO;DEPARTAMENTAL;MOTO;30;M;0;COLISION ENTRE VEHICULOS;CAMIONETA;DOCTOR CARLOS MARIA DE PENA Nro. 5652 esq. FARAMIÑAN
01/04/2012 00:30;MONTEVIDEO;DEPARTAMENTAL;MOTO;43;M;5;COLISION ENTRE VEHICULOS;OMNIBUS;AVENIDA GENERAL SAN MARTIN esq. FOMENTO
01/04/2012 02:00;CANELONES;DEPARTAMENTAL;MOTO;38;M;0;CAIDA;-;TREINTA Y TRES esq. BALNEARIO R. BARRIOS
01/04/2012 03:00;MALDONADO;DEPARTAMENTAL;MOTO;26;M;0;DESPISTE;-;RUTA 39 PROX A CYLSA
01/04/2012 15:40;MONTEVIDEO;DEPARTAMENTAL;PEATON;72;F;1;ATROPELLO DE PEATON;OMNIBUS;CAMINO MALDONADO Nro. 5599 esq. PETEROA
02/04/2012 05:15;SALTO;DEPARTAMENTAL;MOTO;21;M;0;CAIDA;-;AVENIDA BATLLE esq. OFICIAL DOS (CHINCHURRETA)
02/04/2012 20:00;CANELONES;DEPARTAMENTAL;MOTO;48;M;0;COLISION ENTRE VEHICULOS;CAMION;TREINTA Y TRES esq. BALNEARIO R. BARRIOS
02/04/2012 20:40;MONTEVIDEO;DEPARTAMENTAL;MOTO;18;M;0;CAIDA;-;VERDUN esq. CAMINO DE LAS TROPAS --CERRO NORTE - LA PALOMA--
03/04/2012 07:45;MONTEVIDEO;DEPARTAMENTAL;MOTO;20;M;1;CAIDA;-;AVENIDA DE LAS LEYES esq. COLOMBIA
03/04/2012 22:40;ROCHA;DEPARTAMENTAL;MOTO;61;M;0;CAIDA;-;REPUBLICA ESPAÑOLA y AVENIDA BRASIL
04/04/2012 17:15;MONTEVIDEO;NACIONAL;MOTO;20;M;0;COLISION ENTRE VEHICULOS;CAMION;CAMINO TOMKINSON 
04/04/2012 19:40;LAVALLEJA;NACIONAL;MOTO;56;M;6;COLISION ENTRE VEHICULOS;CAMIONETA;RUTA 8 KM. 256
05/04/2012 05:15;CERRO LARGO;DEPARTAMENTAL;MOTO;Sin Dato;M;0;CAIDA;-;MIREYA esq. AVENIDA ITALIA (RUTA SIETE)
05/04/2012 15:26;MONTEVIDEO;DEPARTAMENTAL;PEATON;49;M;0;ATROPELLO DE PEATON;CAMION;CAMINO MELILLA Nro. 10270  esq. CAMINO SERE
09/04/2012 17:50;MALDONADO;DEPARTAMENTAL;MOTO;43;M;1;COLISION ENTRE VEHICULOS;CAMIONETA;AVENIDA FRANKLIN D. ROOSEVELT
09/04/2012 19:50;MALDONADO;DEPARTAMENTAL;MOTO;47;M;0;COLISION ENTRE VEHICULOS;CAMION;SARMIENTO 
11/04/2012 22:00;CANELONES;NACIONAL;MOTO;34;M;0;COLISION ENTRE VEHICULOS;AUTO;RUTA CIENTOUNO 
12/04/2012 07:51;MONTEVIDEO;DEPARTAMENTAL;MOTO;28;M;0;COLISION ENTRE VEHICULOS;CAMION;BOULEVARD JOSE BATLLE Y ORDOÑEZ esq. AVENIDA GENERAL FLORES
12/04/2012 09:27;MONTEVIDEO;DEPARTAMENTAL;PEATON;69;M;1;ATROPELLO DE PEATON;OMNIBUS;SUIZA Nro. 1999 esq. JOSE GURVICH
13/04/2012 09:10;MONTEVIDEO;DEPARTAMENTAL;PEATON;85;M;3;ATROPELLO DE PEATON;AUTO;AVENIDA DOCTOR LUIS ALBERTO DE HERRERA Nro. 1290 esq. PLACIDO ELLAURI
14/04/2012 08:50;MALDONADO;DEPARTAMENTAL;AUTO;36;M;1;DESPISTE;;Camino Leandro Gómez
14/04/2012 13:45;SAN JOSE;NACIONAL;AUTO;Sin Dato;M;0;COLISION ENTRE VEHICULOS;CAMION;RUTA 3 KM. 80
15/04/2012 03:00;FLORES;DEPARTAMENTAL;PEATON;45;M;1;ATROPELLO DE PEATON;MOTO;PANCHO LOPEZ  esq. URUGUAY
15/04/2012 05:05;TREINTA Y TRES;DEPARTAMENTAL;MOTO;16;M;1;COLISION ENTRE VEHICULOS;CAMIONETA;GENERAL MANUEL ORIBE esq. PANTALEON ARTIGAS
15/04/2012 08:00;PAYSANDU;DEPARTAMENTAL;MOTO;23;M;0;COLISION CON OBSTACULO;-;WASHINGTON esq. ZELMAR MICHELINI
16/04/2012 07:00;MALDONADO;NACIONAL;CAMIONETA;34;M;0;DESPISTE;-;RUTA 39 KM 83
18/04/2012 09:50;MONTEVIDEO;DEPARTAMENTAL;MOTO;32;M;1;CAIDA;-;CAMINO PASO CALPINO esq. BERNARDO ETCHEVARNE
19/04/2012 19:50;MONTEVIDEO;NACIONAL;AUTO;42;M;1;COLISION ENTRE VEHICULOS;CAMION;RUTA CIENTODOS esq. CAMINO DE LOS SIETE CERROS
20/04/2012 14:20;SAN JOSE;NACIONAL;BICICLETA;70;M;0;COLISION ENTRE VEHICULOS;CAMIONETA;RUTA 11 KM. 41900 
20/04/2012 16:20;COLONIA;NACIONAL;MOTO;66;M;10;COLISION ENTRE VEHICULOS;CAMION;RUTA 21 KM 246
20/04/2012 19:10;ARTIGAS;NACIONAL;BICICLETA;Sin Dato;M;0;COLISION ENTRE VEHICULOS;AUTO;RUTA 30
20/04/2012 22:40;RIVERA;DEPARTAMENTAL;MOTO;19;M;0;COLISION ENTRE VEHICULOS;MOTO;CAMINO PUEBLO LAS FLORES
22/04/2012 19:10;RIO NEGRO;NACIONAL;AUTO;76;M;0;COLISION ENTRE VEHICULOS;CAMION;Ruta 25
24/04/2012 22:45;LAVALLEJA;DEPARTAMENTAL;MOTO;47;M;12;CAIDA;-;AVENIDA GENERAL JOSE ARTIGAS
27/04/2012 11:30;CERRO LARGO;NACIONAL;AUTO;43;M;1;COLISION ENTRE VEHICULOS;CAMION;RUTA 26 KM 379.5 
27/04/2012 14:20;MONTEVIDEO;DEPARTAMENTAL;MOTO;17;M;1;COLISION ENTRE VEHICULOS;CAMIONETA;CAMINO CIBILS Nro. 6252 esq. DOCTOR CESAR CARLOS BIANCO
27/04/2012 19:50;MONTEVIDEO;DEPARTAMENTAL;PEATON;17;F;1;ATROPELLO DE PEATON;AUTO;CAMINO LA REDENCION  esq. CAMINO HAMILTON
28/04/2012 02:27;MONTEVIDEO;DEPARTAMENTAL;MOTO;Sin Dato;M;0;COLISION ENTRE VEHICULOS;AUTO;AVENIDA DOCTOR LUIS ALBERTO DE HERRERA Nro. 3952 esq. MARIANO SOLER
28/04/2012 19:00;CANELONES;NACIONAL;AUTO;49;M;0;DESPISTE;-;RUTA INTERBALNEARIA esq. SIN NOMBRE
30/04/2012 05:50;SALTO;DEPARTAMENTAL;PEATON;80;M;0;ATROPELLO DE PEATON;MOTO;AMORIN Y BRASIL
30/04/2012 06:20;MALDONADO;NACIONAL;MOTO;36;M;0;ATROPELLO DE ANIMALES;-;RUTA 9 Y JOSE FRADE
30/04/2012 19:00;MALDONADO;DEPARTAMENTAL;MOTO;22;M;0;COLISION ENTRE VEHICULOS;MOTO;DE LA VIRGEN esq. AVENIDA PARIS
02/05/2012 18:30;MONTEVIDEO;DEPARTAMENTAL;PEATON;78;M;30;ATROPELLO DE PEATON;AUTO;RAMBLA O HIGGINS esq. DOCTOR ENRIQUE ESTRAZULAS
03/05/2012 11:30;CANELONES;DEPARTAMENTAL;PEATON;53;M;1;ATROPELLO DE PEATON;CAMIONETA;LUIS ALBERTO DE HERRERA esq. SAN RAMON
03/05/2012 16:25;CERRO LARGO;DEPARTAMENTAL;CAMIONETA;52;M;0;DESPISTE;-;CAMINO MONGREL
04/05/2012 04:55;PAYSANDU;DEPARTAMENTAL;MOTO;44;M;1;DESPISTE;-;ZELMAR MICHELINI Y 25 DE MAYO
04/05/2012 18:55;MONTEVIDEO;DEPARTAMENTAL;PEATON;71;M;17;ATROPELLO DE PEATON;AUTO;ENRIQUE GEORGE esq. BOULEVARD APARICIO SARAVIA
05/05/2012 06:00;COLONIA;DEPARTAMENTAL;PEATON;81;M;1;ATROPELLO DE PEATON;CAMION;ATANASIO SIERRA 
05/05/2012 17:50;COLONIA;DEPARTAMENTAL;MOTO;44;M;1;COLISION ENTRE VEHICULOS;CAMIONETA;AVENIDA GENERAL FLORES esq. ALBERTO MENDEZ
06/05/2012 00:00;DURAZNO;NACIONAL;MOTO;22;M;0;CAIDA;-;SIN NOMBRE 
06/05/2012 02:00;ARTIGAS;NACIONAL;AUTO;44;F;0;DESPISTE;;RUTA 30 KM. 184,5
06/05/2012 06:25;FLORIDA;DEPARTAMENTAL;PEATON;17;M;0;ATROPELLO DE PEATON;CAMION;VILLA HIPICA 
07/05/2012 13:10;TACUAREMBÓ;DEPARTAMENTAL;PEATON;Sin Dato;F;0;ATROPELLO DE PEATON;CAMION;DIECIOCHO DE JULIO esq. ORTIZ Y AYALA
07/05/2012 20:00;ROCHA;NACIONAL;CAMIONETA;73;M;0;DESPISTE;-;RUTA 9 KM. 247,200 
07/05/2012 23:30;DURAZNO;DEPARTAMENTAL;MOTO;20;M;0;DESPISTE;-;Celia Galarza de Sanchez
08/05/2012 16:45;CANELONES;NACIONAL;MOTO;55;M;0;COLISION ENTRE VEHICULOS;CAMION;RUTA 7 KM. 81
12/05/2012 21:30;CANELONES;NACIONAL;AUTO;47;M;0;DESPISTE;-;RUTA SEIS 
13/05/2012 05:30;TACUAREMBÓ;NACIONAL;AUTO;27;M;0;DESPISTE;-;SIN NOMBRE
13/05/2012 17:33;LAVALLEJA;DEPARTAMENTAL;MOTO;72;M;1;CAIDA;-;CONSEJAL ANDRES NAPPA
13/05/2012 22:40;MALDONADO;DEPARTAMENTAL;MOTO;38;M;9;COLISION ENTRE VEHICULOS;CAMION;RUTA 39 CANTERAS DE MARELLI
14/05/2012 21:30;CANELONES;DEPARTAMENTAL;MOTO;35;M;1;COLISION ENTRE VEHICULOS;AUTO;CESAR MAYO GUTIERREZ esq. CAMINO ALDABALDE
16/05/2012 13:15;LAVALLEJA;NACIONAL;CAMION;39;M;0;DESPISTE;-;RUTA 8 KM. 232 
18/05/2012 06:45;RIO NEGRO;NACIONAL;BICICLETA;60;M;0;COLISION ENTRE VEHICULOS;CAMIONETA;Sin Datos
20/05/2012 05:23;LAVALLEJA;DEPARTAMENTAL;PEATON;28;F;1;ATROPELLO DE PEATON;AUTO;INTENDENTE JUAN A. MALDONADO esq. J. L. MORALES ARRILLAGA
20/05/2012 09:40;CANELONES;DEPARTAMENTAL;MOTO;45;M;0;DESPISTE;-;AVENIDA GENERAL FRUCTUOSO RIVERA
20/05/2012 19:20;MONTEVIDEO;DEPARTAMENTAL;MOTO;36;F;3;COLISION ENTRE VEHICULOS;MOTO;CAMINO LEONCIO LOPEZ  esq. CAMINO O HIGGINS
21/05/2012 20:10;CANELONES;NACIONAL;MOTO;53;M;0;COLISION ENTRE VEHICULOS;AUTO;RUTA INTERBALNEARIA
22/05/2012 08:15;MONTEVIDEO;DEPARTAMENTAL;MOTO;28;F;1;COLISION ENTRE VEHICULOS;AUTO;CAMINO PASO CALPINO  esq. CAMINO GENERAL OSVALDO RODRIGUEZ
22/05/2012 08:30;MONTEVIDEO;DEPARTAMENTAL;PEATON;67;F;1;ATROPELLO DE PEATON;CAMION;RAFAEL 
22/05/2012 08:47;MONTEVIDEO;DEPARTAMENTAL;PEATON;32;M;0;ATROPELLO DE PEATON;MOTO;CAMINO CASTRO Nro. 449 esq. BERNARDO SUSVIELA
22/05/2012 13:15;MONTEVIDEO;DEPARTAMENTAL;PEATON;60;M;18;ATROPELLO DE PEATON;MOTO;AVENIDA AGRACIADA esq. GRITO DE ASENCIO
23/05/2012 19:25;MONTEVIDEO;DEPARTAMENTAL;PEATON;Sin Dato;M;1;ATROPELLO DE PEATON;MOTO;CAMINO CORONEL RAIZ esq. HUDSON
25/05/2012 06:56;FLORIDA;DEPARTAMENTAL;MOTO;71;M;0;CAIDA;-;CALLE 60 
25/05/2012 08:00;RIVERA;NACIONAL;CAMION;39;M;0;DESPISTE;-;RUTA Nº 5 KM. 481 - PARAJE PARADA BARON 
25/05/2012 14:30;MONTEVIDEO;DEPARTAMENTAL;MOTO;Sin Dato;M;0;COLISION ENTRE VEHICULOS;CAMION;BOULEVARD GENERAL ARTIGAS esq. VEINTIUNO DE SETIEMBRE
26/05/2012 05:00;MONTEVIDEO;DEPARTAMENTAL;MOTO;32;M;1;COLISION ENTRE VEHICULOS;AUTO;AVENIDA DIECIOCHO DE JULIO Nro. 1652 esq. MINAS
26/05/2012 12:53;MONTEVIDEO;DEPARTAMENTAL;BICICLETA;62;M;2;COLISION ENTRE VEHICULOS;AUTO;AVENIDA JOSE BELLONI esq. PREVISION
26/05/2012 17:44;CANELONES;NACIONAL;BICICLETA;68;M;1;COLISION ENTRE VEHICULOS;AUTO;CHOPIN
27/05/2012 06:00;PAYSANDU;DEPARTAMENTAL;MOTO;29;M;0;COLISION CON OBSTACULO;-;AVENIDA SORIANO esq. DOCTOR JOSE VEROCAY
27/05/2012 06:30;SALTO;NACIONAL;MOTO;20;M;0;COLISION ENTRE VEHICULOS;AUTO;RUTA 31 KM 6,500
27/05/2012 17:40;SAN JOSE;DEPARTAMENTAL;MOTO;24;M;0;CAIDA;-;RUTA 1 VIEJA ESQ. FLORIDA
28/05/2012 22:15;TACUAREMBÓ;DEPARTAMENTAL;MOTO;72;M;1;COLISION ENTRE VEHICULOS;CAMION;JUAN ORTIZ esq. GENERAL ARTIGAS
29/05/2012 18:45;COLONIA;DEPARTAMENTAL;MOTO;27;M;0;COLISION ENTRE VEHICULOS;CAMION;CAMINO LA BALSA
29/05/2012 20:00;MONTEVIDEO;DEPARTAMENTAL;MOTO;38;M;0;COLISION ENTRE VEHICULOS;AUTO;CAMINO TENIENTE GALEANO esq. SIXTINA
30/05/2012 17:30;SAN JOSE;NACIONAL;OMNIBUS;66;F;0;COLISION ENTRE VEHICULOS;CAMION;RUTA 1 esq. Eduardo Pascual
31/05/2012 12:30;ARTIGAS;DEPARTAMENTAL;MOTO;75;M;0;COLISION ENTRE VEHICULOS;CAMION;AVENIDA CARLOS MARIA RAMIREZ
01/06/2012 16:45;LAVALLEJA;DEPARTAMENTAL;CAMION;41;M;0;COLISION ENTRE VEHICULOS;CAMIONETA;Sin Datos
02/06/2012 13:00;PAYSANDU;NACIONAL;CAMIONETA;33;M;1;COLISION ENTRE VEHICULOS;CAMIONETA;RUTA 3 KM. 440 
02/06/2012 13:45;PAYSANDU;DEPARTAMENTAL;PEATON;51;M;0;ATROPELLO DE PEATON;AUTO;CAMINO VECINAL Y CAÑADA DE LOS LOROS 
02/06/2012 15:00;CANELONES;DEPARTAMENTAL;BICICLETA;59;M;0;COLISION ENTRE VEHICULOS;CAMIONETA;Sin Datos
04/06/2012 06:54;PAYSANDU;DEPARTAMENTAL;MOTO;30;F;0;COLISION ENTRE VEHICULOS;AUTO;BOULEVARD ARTIGAS esq. DAMASO A. LARRAÑAGA
04/06/2012 18:45;CANELONES;NACIONAL;MOTO;19;F;0;COLISION ENTRE VEHICULOS;CAMIONETA;RUTA INTERBALNEARIA KM. 47
04/06/2012 19:30;CANELONES;DEPARTAMENTAL;MOTO;19;F;0;COLISION ENTRE VEHICULOS;CAMION;E. MARTINEZ MONEGAL esq. BRIGADIER GENERAL LAVALLEJA
11/06/2012 22:05;RIO NEGRO;NACIONAL;AUTO;59;M;0;DESPISTE;-;RUTA 3 KM 298
12/06/2012 10:00;ROCHA;DEPARTAMENTAL;MOTO;56;M;1;COLISION ENTRE VEHICULOS;CAMION;AVENIDA PEREGRINA BALBOA esq. JUAN JOSE MOROSOLI
13/06/2012 10:45;ROCHA;NACIONAL;AUTO;31;F;0;DESPISTE;-;RUTA 15 KM. 92,100
13/06/2012 14:10;MONTEVIDEO;NACIONAL;MOTO;57;F;1;COLISION ENTRE VEHICULOS;AUTO;CAMINO LUIS EDUARDO PEREZ
15/06/2012 19:10;CERRO LARGO;NACIONAL;MOTO;27;M;0;COLISION ENTRE VEHICULOS;BICICLETA;RUTA 8 KM. 448,5 
16/06/2012 16:30;FLORIDA;DEPARTAMENTAL;MOTO;58;F;1;COLISION ENTRE VEHICULOS;AUTO;HORACIO QUIROGA Y HERRERA Y REISSIG
16/06/2012 16:30;FLORIDA;DEPARTAMENTAL;MOTO;60;M;1;COLISION ENTRE VEHICULOS;AUTO;HORACIO QUIROGA Y HERRERA Y REISSIG
17/06/2012 01:20;SAN JOSE;NACIONAL;MOTO;24;M;1;COLISION ENTRE VEHICULOS;AUTO;RUTA 11 KM. 73700
20/06/2012 16:00;TACUAREMBÓ;NACIONAL;PEATON;72;M;0;ATROPELLO DE PEATON;CAMIONETA;RUTA 5 KM. 384
22/06/2012 12:00;MONTEVIDEO;DEPARTAMENTAL;MOTO;56;M;1;COLISION ENTRE VEHICULOS;CARRO;RAMBLA REPUBLICA DEL PERU esq. AVENIDA BRASIL
22/06/2012 23:15;CANELONES;NACIONAL;MOTO;24;M;0;COLISION ENTRE VEHICULOS;CAMION;INDIANAPOLIS --EL PINAR NORTE-- esq. RUTA INTERBALNEARIA
23/06/2012 06:24;SORIANO;DEPARTAMENTAL;CAMIONETA;17;M;1;COLISION ENTRE VEHICULOS;AUTO;AGRACIADA
23/06/2012 06:24;SORIANO;DEPARTAMENTAL;CAMIONETA;18;M;1;COLISION ENTRE VEHICULOS;AUTO;AGRACIADA
23/06/2012 06:24;SORIANO;DEPARTAMENTAL;CAMIONETA;18;M;1;COLISION ENTRE VEHICULOS;AUTO;AGRACIADA
23/06/2012 06:24;SORIANO;DEPARTAMENTAL;CAMIONETA;22;M;1;COLISION ENTRE VEHICULOS;AUTO;AGRACIADA
23/06/2012 06:24;SORIANO;DEPARTAMENTAL;AUTO;52;M;0;COLISION ENTRE VEHICULOS;CAMIONETA;AGRACIADA
23/06/2012 06:45;MALDONADO;DEPARTAMENTAL;MOTO;19;M;0;COLISION ENTRE VEHICULOS;OMNIBUS;JOSE DODERA esq. ARTURO CL SANTANA
24/06/2012 17:20;CANELONES;NACIONAL;MOTO;52;M;0;COLISION ENTRE VEHICULOS;AUTO;DOCTOR LUIS A. DE HERRERA 
25/06/2012 08:15;COLONIA;DEPARTAMENTAL;AUTO;23;M;0;DESPISTE;;RAMBLA Y ZORRILLA DE SAN MARTIN
25/06/2012 08:15;COLONIA;DEPARTAMENTAL;AUTO;36;M;0;DESPISTE;;RAMBLA Y ZORRILLA DE SAN MARTIN
26/06/2012 09:30;CANELONES;NACIONAL;MOTO;14;M;0;COLISION ENTRE VEHICULOS;CAMION;GENERAL ARTIGAS esq. CARLOS ROXLO
26/06/2012 11:55;LAVALLEJA;DEPARTAMENTAL;MOTO;53;M;1;COLISION ENTRE VEHICULOS;CAMIONETA;AV. ARTIGAS Y AV. LUIS A. DE HERRERA
26/06/2012 17:35;MONTEVIDEO;DEPARTAMENTAL;AUTO;66;F;1;COLISION ENTRE VEHICULOS;AUTO;CAGANCHA Nro. 2249 esq. CUFRE
28/06/2012 00:50;MONTEVIDEO;DEPARTAMENTAL;MOTO;26;M;0;COLISION ENTRE VEHICULOS;CAMION;GUEMES esq. JUAN JACOBO ROUSSEAU
28/06/2012 00:50;MONTEVIDEO;DEPARTAMENTAL;MOTO;16;F;0;COLISION ENTRE VEHICULOS;CAMION;GUEMES esq. JUAN JACOBO ROUSSEAU
28/06/2012 17:05;SAN JOSE;NACIONAL;CAMIONETA;29;M;1;COLISION ENTRE VEHICULOS;AUTO;RUTA 3 KM. 80
28/06/2012 20:30;ROCHA;DEPARTAMENTAL;PEATON;72;M;1;ATROPELLO DE PEATON;CAMION;AVENIDA DOCTOR F. MARTINEZ RODRIGUEZ esq. CHANA
29/06/2012 06:56;MONTEVIDEO;DEPARTAMENTAL;PEATON;84;M;0;ATROPELLO DE PEATON;AUTO;LARRAÑAGA Y LONDRES
29/06/2012 09:15;MALDONADO;NACIONAL;AUTO;64;F;1;COLISION ENTRE VEHICULOS;AUTO;CAMINO ARRAYANES KM 5.8
29/06/2012 09:15;MALDONADO;NACIONAL;AUTO;68;F;0;COLISION ENTRE VEHICULOS;AUTO;CAMINO ARRAYANES KM 5.8
29/06/2012 09:15;MALDONADO;NACIONAL;AUTO;35;F;4;COLISION ENTRE VEHICULOS;AUTO;CAMINO ARRAYANES KM 5.8
29/06/2012 18:20;MONTEVIDEO;DEPARTAMENTAL;MOTO;23;M;1;COLISION ENTRE VEHICULOS;CAMION;CAMINO CARRASCO Y FERREIRO
29/06/2012 19:07;MONTEVIDEO;DEPARTAMENTAL;PEATON;84;M;30;ATROPELLO DE PEATON;CAMIONETA;LAS HERAS Y TALCAHUANO
29/06/2012 21:30;RIVERA;NACIONAL;MOTO;19;M;0;COLISION ENTRE VEHICULOS;AUTO;RUTA
30/06/2012 06:35;DURAZNO;NACIONAL;AUTO;35;M;0;COLISION ENTRE VEHICULOS;CAMION;RUTA 5 KM 191
02/07/2012 00:05;MALDONADO;DEPARTAMENTAL;BICICLETA;16;M;1;COLISION ENTRE VEHICULOS;AUTO;RUTA 39 PROX A CYLSA
02/07/2012 06:50;ARTIGAS;NACIONAL;CAMIONETA;32;M;0;DESPISTE;;RUTA 30 KM. 61,7
02/07/2012 06:55;MONTEVIDEO;DEPARTAMENTAL;MOTO;26;M;0;COLISION ENTRE VEHICULOS;CAMION;DOCTOR ALEJANDRO GALLINAL Nro. 2149 esq. IGUA
02/07/2012 18:20;MONTEVIDEO;DEPARTAMENTAL;PEATON;72;F;0;ATROPELLO DE PEATON;MOTO;BOULEVARD JOSE BATLLE Y ORDOÑEZ esq. PASTOR
02/07/2012 18:55;MALDONADO;DEPARTAMENTAL;PEATON;59;M;0;ATROPELLO DE PEATON;MOTO;GARZON esq. RIO YI
06/07/2012 20:05;CANELONES;DEPARTAMENTAL;AUTO;72;M;1;COLISION ENTRE VEHICULOS;AUTO;AVENIDA DOROTEO GARCIA LAGOS esq. AVENIDA INGENIERO LUIS GIANNATTASIO
07/07/2012 18:20;MONTEVIDEO;DEPARTAMENTAL;BICICLETA;44;M;15;COLISION ENTRE VEHICULOS;CAMIONETA;SANTA ANA esq. NORBERTO ORTIZ
08/07/2012 05:15;CANELONES;NACIONAL;MOTO;27;M;0;DESPISTE;;RUTA 101 KM 24
08/07/2012 07:00;ARTIGAS;NACIONAL;MOTO;22;M;0;COLISION ENTRE VEHICULOS;CAMION;RUTA 3 KM 620
08/07/2012 20:36;MONTEVIDEO;DEPARTAMENTAL;CAMION;32;M;1;COLISION ENTRE VEHICULOS;CAMIONETA;AVENIDA DON PEDRO DE MENDOZA esq. NIAGARA
09/07/2012 00:15;SAN JOSE;NACIONAL;PEATON;64;M;0;ATROPELLO DE PEATON;AUTO;RUTA 3 KM. 140500
11/07/2012 16:20;CERRO LARGO;DEPARTAMENTAL;MOTO;18;M;0;COLISION ENTRE VEHICULOS;BICICLETA;CAMARAS Y LUISA PAZ
11/07/2012 18:45;MONTEVIDEO;NACIONAL;BICICLETA;66;M;0;COLISION ENTRE VEHICULOS;AUTO;RUTA 102 Nº 5710,  esq. CAMINO VARZI
12/07/2012 11:20;MONTEVIDEO;DEPARTAMENTAL;BICICLETA;64;M;1;CAIDA;;LA PAZ Nro. 2149 esq. DOCTOR MARTIN C MARTINEZ
12/07/2012 14:35;LAVALLEJA;NACIONAL;CAMIONETA;23;M;0;COLISION ENTRE VEHICULOS;CAMION;RUTA 8 KM. 109 
13/07/2012 15:35;SORIANO;NACIONAL;MOTO;62;F;1;DESPISTE;;RUTA 21 KM. 311
13/07/2012 19:00;MONTEVIDEO;DEPARTAMENTAL;AUTO;71;M;0;DESPISTE;;FRANCISCO GOMEZ Nro. 919 esq. AMADO NERVO
14/07/2012 19:30;MONTEVIDEO;DEPARTAMENTAL;PEATON;34;M;0;ATROPELLO DE PEATON;OMNIBUS;AVENIDA OCHO DE OCTUBRE esq. FELIPE SANGUINETTI
15/07/2012 14:30;MALDONADO;NACIONAL;CAMIONETA;69;M;0;COLISION ENTRE VEHICULOS;AUTO;Ruta Interbalnearia, KM 108
15/07/2012 15:30;CANELONES;DEPARTAMENTAL;AUTO;20;M;0;COLISION ENTRE VEHICULOS;AUTO;RAMBLA COSTANERA esq. CALLE 70
15/07/2012 15:30;CANELONES;DEPARTAMENTAL;AUTO;62;M;0;COLISION ENTRE VEHICULOS;AUTO;RAMBLA COSTANERA esq. CALLE 70
15/07/2012 15:30;CANELONES;DEPARTAMENTAL;AUTO;51;F;1;COLISION ENTRE VEHICULOS;AUTO;RAMBLA COSTANERA esq. CALLE 70
16/07/2012 15:15;MONTEVIDEO;DEPARTAMENTAL;PEATON;74;F;0;ATROPELLO DE PEATON;CAMION;CAMINO MALDONADO esq. ARIES
18/07/2012 17:30;SAN JOSE;DEPARTAMENTAL;MOTO;51;M;4;COLISION ENTRE VEHICULOS;MOTO;BOREAL - DELTA DEL TIGRE
18/07/2012 21:00;CANELONES;DEPARTAMENTAL;MOTO;18;M;0;COLISION ENTRE VEHICULOS;MOTO;RUTA 34 VIEJA esq. LOS TILOS
19/07/2012 12:19;MALDONADO;DEPARTAMENTAL;PEATON;79;M;0;ATROPELLO DE PEATON;MOTO;AVENIDA JOSE BATLLE Y ORDOÑEZ esq. JOSE PEDRO VARELA
19/07/2012 18:30;MONTEVIDEO;DEPARTAMENTAL;PEATON;73;F;1;ATROPELLO DE PEATON;MOTO;AVENIDA DOCTOR CARLOS MARIA RAMIREZ Nro. 802 esq. PEDRO GIRALT
22/07/2012 21:55;TACUAREMBÓ;NACIONAL;AUTO;31;F;0;DESPISTE;;RUTA 5 KM. 367500
23/07/2012 19:00;ROCHA;DEPARTAMENTAL;PEATON;58;F;1;ATROPELLO DE PEATON;MOTO;MANUEL ORIBE Y JUANA MOYA
24/07/2012 07:50;RIVERA;DEPARTAMENTAL;PEATON;57;F;0;ATROPELLO DE PEATON;CAMIONETA;JUAN MANUEL BLANES senda ESTE, esq. SOCORRO TURNES
24/07/2012 08:10;CANELONES;DEPARTAMENTAL;AUTO;36;M;0;DESPISTE;;CANELONES esq. CAYETANO GONZALEZ
24/07/2012 08:10;CANELONES;DEPARTAMENTAL;AUTO;59;M;0;DESPISTE;;CANELONES esq. CAYETANO GONZALEZ
24/07/2012 22:30;TACUAREMBÓ;NACIONAL;CAMIONETA;45;M;0;COLISION ENTRE VEHICULOS;AUTO;RUTA 5 KM. 304,2
26/07/2012 02:05;MONTEVIDEO;DEPARTAMENTAL;MOTO;40;M;0;CAIDA;;CAMINO TOMKINSON esq. AVENIDA LUIS BATLLE BERRES
27/07/2012 14:30;TACUAREMBÓ;DEPARTAMENTAL;PEATON;3;F;1;ATROPELLO DE PEATON;AUTO;ITUZAINGO
30/07/2012 08:15;ROCHA;NACIONAL;CAMIONETA;69;F;0;DESPISTE;;RUTA15 KM 133
30/07/2012 09:55;MONTEVIDEO;DEPARTAMENTAL;PEATON;86;M;1;ATROPELLO DE PEATON;AUTO;JOSE ENRIQUE RODO Nro. 2019 esq. ARENAL GRANDE
30/07/2012 18:20;SORIANO;DEPARTAMENTAL;MOTO;16;M;1;COLISION ENTRE VEHICULOS;CAMION;ZAPICAN esq. CAMINO AL PASO DE LA ARENA
30/07/2012 20:05;SORIANO;DEPARTAMENTAL;MOTO;18;F;0;COLISION ENTRE VEHICULOS;CAMION;PEDRO HORS esq. RUTA 2
31/07/2012 17:05;MONTEVIDEO;DEPARTAMENTAL;BICICLETA;54;M;0;CAIDA;;AVENIDA LUIS BATLLE BERRES Nro. 7600 esq. ZANJA REYUNA
01/08/2012 16:30;MONTEVIDEO;DEPARTAMENTAL;PEATON;76;F;0;ATROPELLO DE PEATON;CAMIONETA;AVENIDA GENERAL FLORES esq. ROBINSON
02/08/2012 18:20;MONTEVIDEO;DEPARTAMENTAL;PEATON;60;M;16;ATROPELLO DE PEATON;AUTO;AVENIDA GENERAL GARIBALDI Nro. 2652 esq. JUAN RAMON GOMEZ
04/08/2012 10:00;ARTIGAS;NACIONAL;AUTO;31;F;0;DESPISTE;;RUTA 4 KM 137
04/08/2012 12:30;CANELONES;NACIONAL;MOTO;66;M;0;COLISION ENTRE VEHICULOS;AUTO;RUTA ONCE KM 118
05/08/2012 22:40;CANELONES;NACIONAL;PEATON;43;M;0;ATROPELLO DE PEATON;CAMION;RUTA OCHO KM 64,500
07/08/2012 17:25;MONTEVIDEO;DEPARTAMENTAL;MOTO;15;M;0;COLISION ENTRE VEHICULOS;AUTO;TIMOTE Nro. 5652 esq. ANAGUALPO
07/08/2012 18:00;CANELONES;NACIONAL;MOTO;Sin Dato;F;1;COLISION ENTRE VEHICULOS;CAMION;RUTA 8 KM 31,500
07/08/2012 18:40;CANELONES;NACIONAL;MOTO;70;M;0;COLISION ENTRE VEHICULOS;AUTO;RUTA 11 KM. 96
08/08/2012 05:50;CANELONES;NACIONAL;AUTO;22;M;0;DESPISTE;;RUTA SETENTA Y CUATRO KM 30
09/08/2012 03:45;COLONIA;NACIONAL;CAMIONETA;59;M;0;COLISION CON OBSTACULO;;RUTA1 Y CON. LOS COLONOS
13/08/2012 14:50;SAN JOSE;NACIONAL;BICICLETA;73;M;1;COLISION ENTRE VEHICULOS;CAMIONETA;RUTA 11 KM 54,800
13/08/2012 19:10;MONTEVIDEO;DEPARTAMENTAL;PEATON;68;M;0;ATROPELLO DE PEATON;;CAMINO PETTIROSI Nro. 4401 esq. AVENIDA DON PEDRO DE MENDOZA
18/08/2012 19:55;CERRO LARGO;NACIONAL;MOTO;40;M;0;COLISION ENTRE VEHICULOS;CAMIONETA;RUTA 8 KM 415
19/08/2012 02:25;PAYSANDU;DEPARTAMENTAL;MOTO;46;M;0;COLISION ENTRE VEHICULOS;MOTO;AVENIDA SALTO esq. MONTEVIDEO
19/08/2012 05:00;DURAZNO;NACIONAL;MOTO;21;M;0;CAIDA;;RUTA 14 KM. 232 
19/08/2012 05:00;DURAZNO;NACIONAL;MOTO;23;M;0;CAIDA;;RUTA 14 KM. 233
20/08/2012 03:00;TACUAREMBÓ;NACIONAL;CAMIONETA;55;M;0;DESPISTE;;RUTA 26 KM. 247,9
21/08/2012 11:20;MONTEVIDEO;DEPARTAMENTAL;MOTO;65;M;0;COLISION ENTRE VEHICULOS;CAMION;TEOFILO COLLAZO esq. ILDEFONSO GARCIA
21/08/2012 13:50;RIVERA;DEPARTAMENTAL;MOTO;18;M;17;COLISION ENTRE VEHICULOS;MOTO;AV. GUIDO MACHADO Y SERAFIN GARCIA
22/08/2012 09:30;MONTEVIDEO;DEPARTAMENTAL;PEATON;Sin Dato;F;1;ATROPELLO DE PEATON;MOTO;HOCQUART Nro. 2169 esq. CABILDO
22/08/2012 10:30;PAYSANDU;DEPARTAMENTAL;MOTO;66;M;0;COLISION ENTRE VEHICULOS;CAMIONETA;REPUBLICA ARGENTINA esq. PRESBITERO SOLANO GARCIA
22/08/2012 17:09;MONTEVIDEO;DEPARTAMENTAL;PEATON;34;M;0;ATROPELLO DE PEATON;OMNIBUS;AVENIDA LUIS BATLLE BERRES Nro. 5051 esq. CAÑAS
22/08/2012 19:50;MALDONADO;DEPARTAMENTAL;AUTO;43;M;0;COLISION ENTRE VEHICULOS;CAMION;CON. CERRO EGUZQUIZA FTE. VIVERO
23/08/2012 23:55;CERRO LARGO;NACIONAL;MOTO;Sin Dato;M;1;COLISION ENTRE VEHICULOS;MOTO;RUTA 8 KM. 456 
24/08/2012 00:00;CANELONES;DEPARTAMENTAL;PEATON;23;M;0;ATROPELLO DE PEATON;AUTO;AVENIDA RACINE esq. AMANECER
24/08/2012 05:20;COLONIA;DEPARTAMENTAL;MOTO;22;F;1;COLISION ENTRE VEHICULOS;OMNIBUS;CARRETERA RADIAL A CONCHILLAS
29/08/2012 09:37;MONTEVIDEO;DEPARTAMENTAL;BICICLETA;39;M;0;COLISION ENTRE VEHICULOS;AUTO;CAMINO CASAVALLE esq. WALTER SCOTT
30/08/2012 21:50;CANELONES;NACIONAL;MOTO;37;F;0;DESPISTE;;RUTA 11 KM 118
31/08/2012 17:00;CANELONES;DEPARTAMENTAL;MOTO;21;M;1;COLISION ENTRE VEHICULOS;MOTO;BLANDENGUES esq. SAUCE
01/09/2012 23:00;FLORES;NACIONAL;AUTO;48;M;0;ATROPELLO DE ANIMALES;;RUTA 57 KM 33
01/09/2012 23:15;COLONIA;DEPARTAMENTAL;MOTO;31;M;0;DESPISTE;;CAMINO COSMOPOLITA  esq. PEDRO BOUNOUS
03/09/2012 00:30;CANELONES;NACIONAL;MOTO;35;M;0;DESPISTE;;RUTA 69 KM 30
05/09/2012 02:20;CANELONES;NACIONAL;PEATON;19;M;0;ATROPELLO DE PEATON;CAMION;RUTA 8 KM. 37
06/09/2012 07:20;CANELONES;NACIONAL;MOTO;22;M;0;COLISION ENTRE VEHICULOS;TREN;RUTA 80 KM. 87
06/09/2012 11:20;MALDONADO;DEPARTAMENTAL;AUTO;75;F;7;COLISION ENTRE VEHICULOS;CAMIONETA;BUENOS AIRES Y ROOSELVELT
08/09/2012 18:00;PAYSANDU;NACIONAL;MOTO;77;M;0;COLISION ENTRE VEHICULOS;AUTO;RUTA 3 KM 366
08/09/2012 18:20;COLONIA;DEPARTAMENTAL;MOTO;20;M;1;COLISION ENTRE VEHICULOS;AUTO;GRITO DE ASENCIO esq. J. ZORRILLA DE SAN MARTIN
08/09/2012 21:30;CANELONES;NACIONAL;PEATON;22;M;1;ATROPELLO DE PEATON;CAMIONETA;RUTA CIENTOUNO esq. AVENIDA CALCAGNO
09/09/2012 13:30;CANELONES;NACIONAL;OMNIBUS;75;F;0;DESPISTE;;RUTA 7 KM. 38
09/09/2012 13:30;CANELONES;NACIONAL;OMNIBUS;76;F;1;DESPISTE;;RUTA 7 KM. 38
10/09/2012 19:35;MALDONADO;DEPARTAMENTAL;MOTO;38;M;0;CAIDA;-;CAMINO PAGO DE LA PAJA Y CON. EGUZQUIZA
11/09/2012 12:20;MONTEVIDEO;DEPARTAMENTAL;MOTO;20;F;1;COLISION ENTRE VEHICULOS;CAMION;CARLOS TELLIER Y GROENLANDIA
12/09/2012 19:25;SALTO;DEPARTAMENTAL;PEATON;79;F;12;ATROPELLO DE PEATON;MOTO;AV. PARAGUAY Y SANTA ROSA
13/09/2012 07:40;TACUAREMBÓ;DEPARTAMENTAL;BICICLETA;53;M;1;COLISION ENTRE VEHICULOS;TREN;C. CATALOGNE R- esq. T. PEÑA
13/09/2012 13:45;LAVALLEJA;NACIONAL;CAMIONETA;63;M;8;DESPISTE;;RUTAS 12 Y 60 
14/09/2012 17:15;MONTEVIDEO;DEPARTAMENTAL;PEATON;7;F;0;ATROPELLO DE PEATON;OMNIBUS;AVENIDA JOSE BELLONI esq. CAMINO CAPITAN CORALIO LACOSTA
14/09/2012 17:15;MONTEVIDEO;DEPARTAMENTAL;PEATON;10;F;0;ATROPELLO DE PEATON;OMNIBUS;AVENIDA JOSE BELLONI esq. CAMINO CAPITAN CORALIO LACOSTA
18/09/2012 19:08;MALDONADO;DEPARTAMENTAL;PEATON;79;F;1;ATROPELLO DE PEATON;CAMIONETA;DOCTOR EDYE esq. AVENIDA JOAQUIN DE VIANA (EX ARTIGAS)
20/09/2012 12:15;CANELONES;NACIONAL;CAMIONETA;49;M;0;COLISION ENTRE VEHICULOS;CAMION;RUTA 5 KM 26
20/09/2012 18:00;MONTEVIDEO;DEPARTAMENTAL;MOTO;16;M;2;COLISION ENTRE VEHICULOS;MOTO;BESARES esq. DOCTOR JOSE PEDRO RAMIREZ
20/09/2012 19:20;ARTIGAS;NACIONAL;MOTO;26;M;0;COLISION ENTRE VEHICULOS;CAMION;RUTA 3 KM 623
22/09/2012 18:00;FLORIDA;NACIONAL;MOTO;35;M;1;CAIDA;;RUTA 7 KM. 123
23/09/2012 02:45;COLONIA;DEPARTAMENTAL;AUTO;70;M;0;DESPISTE;;J. Curbelo E/karlem y Lazague 
23/09/2012 19:40;ARTIGAS;NACIONAL;MOTO;40;F;1;ATROPELLO DE ANIMALES;;RUTA 3 KM 628
24/09/2012 17:50;CANELONES;DEPARTAMENTAL;MOTO;23;M;1;COLISION ENTRE VEHICULOS;CAMIONETA;TENIENTE RINALDI esq. ELIAS REGULES --PASO CARRASCO--
25/09/2012 18:25;MONTEVIDEO;DEPARTAMENTAL;BICICLETA;5;M;0;COLISION ENTRE VEHICULOS;CAMION;METEORITO esq. CAMINO LA CRUZ DEL SUR
26/09/2012 20:30;MALDONADO;NACIONAL;AUTO;67;M;1;DESPISTE;-;RUTA INTERBALNEARIA KM 118
27/09/2012 11:30;MONTEVIDEO;NACIONAL;PEATON;57;F;0;ATROPELLO DE PEATON;CAMION;RUTA DE ACCESO esq. CAMAMBU
28/09/2012 17:10;CANELONES;NACIONAL;AUTO;71;M;0;DESPISTE;;RUTA 5 KM 32,500
28/09/2012 23:10;TACUAREMBÓ;DEPARTAMENTAL;MOTO;22;M;1;CAIDA;;VEINTICINCO DE MAYO - esq. DOCTOR LUIS ALBERTO DE HERRERA
29/09/2012 01:30;FLORIDA;NACIONAL;CAMIONETA;38;M;0;DESPISTE;; RUTA 6 KM. 84
29/09/2012 01:30;FLORIDA;NACIONAL;CAMIONETA;60;M;0;DESPISTE;; RUTA 6 KM. 85
30/09/2012 19:00;CANELONES;DEPARTAMENTAL;BICICLETA;71;M;1;COLISION ENTRE VEHICULOS;OMNIBUS;CON. CARRASCO Y CORONEL GRAÑA
01/10/2012 13:20;LAVALLEJA;NACIONAL;MOTO;60;M;1;COLISION ENTRE VEHICULOS;AUTO;RUTA 8 KM. 237
02/10/2012 07:30;MALDONADO;NACIONAL;CAMIONETA;34;M;0;DESPISTE;;RUTA 10 KM. 116
02/10/2012 07:30;MALDONADO;NACIONAL;CAMIONETA;41;M;0;DESPISTE;;RUTA 10 KM. 116
06/10/2012 05:37;SORIANO;DEPARTAMENTAL;MOTO;21;M;0;COLISION ENTRE VEHICULOS;CAMION;DIECIOCHO DE JULIO esq. TREINTA Y TRES
06/10/2012 07:00;MONTEVIDEO;DEPARTAMENTAL;MOTO;23;M;0;COLISION ENTRE VEHICULOS;AUTO;AVENIDA ITALIA esq. GENERAL LAS HERAS
08/10/2012 08:35;CANELONES;NACIONAL;AUTO;57;M;0;COLISION ENTRE VEHICULOS;AUTO;RUTA INTERBALNEARIA KM. 48
08/10/2012 17:50;MONTEVIDEO;DEPARTAMENTAL;MOTO;25;M;0;COLISION ENTRE VEHICULOS;CAMIONETA;RAMBLA ARMENIA esq. TOMAS BASAÑEZ
10/10/2012 08:00;ROCHA;DEPARTAMENTAL;PEATON;42;F;1;ATROPELLO DE PEATON;CAMIONETA;RAMBLA DE LAS AMERICAS Y AV. GONZALEZ MORENO
12/10/2012 01:50;TREINTA Y TRES;NACIONAL;CAMIONETA;Sin Dato;M;0;COLISION ENTRE VEHICULOS;CAMION;RUTA 7 KM. 212
12/10/2012 03:30;SALTO;DEPARTAMENTAL;AUTO;39;M;11;DESPISTE;;BATLLE Y ORDOÑEZ Y CARLOS REYLES
13/10/2012 00:30;CANELONES;DEPARTAMENTAL;MOTO;30;M;0;DESPISTE;;GENERAL ARTIGAS esq. VALENTIN GOMEZ
14/10/2012 13:48;MALDONADO;DEPARTAMENTAL;MOTO;25;M;1;COLISION ENTRE VEHICULOS;AUTO;CALLE 24 Y 28
14/10/2012 15:00;ROCHA;DEPARTAMENTAL;AUTO;33;M;1;DESPISTE;;Camino del  Paraje Cerro de los Rocha, cerca de la escuela 20
15/10/2012 10:35;MALDONADO;DEPARTAMENTAL;PEATON;92;F;1;ATROPELLO DE PEATON;CAMIONETA;BATALLA DEL CERRITO esq. VENANCIO BENAVIDEZ
15/10/2012 11:40;SALTO;DEPARTAMENTAL;MOTO;82;M;7;CAIDA;;AV. BARBIERI Y JUNCAL
17/10/2012 06:20;COLONIA;DEPARTAMENTAL;MOTO;17;M;1;COLISION ENTRE VEHICULOS;MOTO;SARANDI esq. LEOPOLDO FUICA
18/10/2012 06:00;MONTEVIDEO;DEPARTAMENTAL;MOTO;Sin Dato;M;0;COLISION ENTRE VEHICULOS;MOTO;CAMINO MALDONADO Nro. 5150 esq. AREGUATI
19/10/2012 05:10;FLORIDA;NACIONAL;MOTO;39;M;0;COLISION ENTRE VEHICULOS;CAMION;RUTA 5 KM. 89
19/10/2012 21:50;ROCHA;NACIONAL;MOTO;48;M;1;COLISION ENTRE VEHICULOS;CAMION;RUTA 9 KM. 228 
20/10/2012 07:30;MONTEVIDEO;DEPARTAMENTAL;PEATON;62;M;6;ATROPELLO DE PEATON;MOTO;AVENIDA DOCTOR CARLOS MARIA RAMIREZ esq. JOSE CASTRO
21/10/2012 06:00;COLONIA;DEPARTAMENTAL;AUTO;29;M;1;CAIDA;-;CARLOS VLAHUSSICH
21/10/2012 13:20;MALDONADO;NACIONAL;MOTO;55;M;1;CAIDA;-;RUTA INTERBALNEARIA KM 116
21/10/2012 18:10;MONTEVIDEO;DEPARTAMENTAL;PEATON;79;M;7;ATROPELLO DE PEATON;AUTO;AVENIDA RAMON BENZANO esq. AVENIDA DOCTOR FEDERICO VIDIELLA
23/10/2012 12:05;TREINTA Y TRES;NACIONAL;AUTO;51;M;0;DESPISTE;;RUTA 8 KM. 318,8 
23/10/2012 15:50;ROCHA;DEPARTAMENTAL;MOTO;32;F;1;COLISION ENTRE VEHICULOS;CAMION;PEREGRINA BALBOA esq. PIEDRAS
27/10/2012 03:40;COLONIA;DEPARTAMENTAL;MOTO;25;M;8;CAIDA;;OFICIAL UNO
27/10/2012 07:40;CANELONES;DEPARTAMENTAL;MOTO;27;F;0;COLISION ENTRE VEHICULOS;AUTO;AVENIDA COSTANERA esq. MIAMI
27/10/2012 17:30;SAN JOSE;DEPARTAMENTAL;MOTO;70;M;0;COLISION ENTRE VEHICULOS;CAMIONETA;AVENIDA DOCTOR LUIS ALBERTO DE HERRERA esq. CANELONES
27/10/2012 20:00;RIVERA;NACIONAL;AUTO;Sin Dato;M;0;DESPISTE;; Ruta 28 al Este
28/10/2012 16:00;SALTO;DEPARTAMENTAL;MOTO;22;F;0;COLISION ENTRE VEHICULOS;CAMIONETA;JULIO DELGADO Y BELLA VISTA
28/10/2012 17:50;RIO NEGRO;DEPARTAMENTAL;MOTO;32;M;2;CAIDA;;GENERAL FRUCTUOSO RIVERA esq. ABAYUBA
29/10/2012 14:40;MONTEVIDEO;NACIONAL;MOTO;48;F;1;COLISION ENTRE VEHICULOS;CAMION;RUTA OCHO Nro. KM 22
30/10/2012 20:45;MONTEVIDEO;NACIONAL;AUTO;56;M;0;COLISION ENTRE VEHICULOS;CAMIONETA;RUTA 8 KM 20
30/10/2012 20:45;MONTEVIDEO;NACIONAL;AUTO;56;F;1;COLISION ENTRE VEHICULOS;CAMIONETA;RUTA 8 KM 20
31/10/2012 15:50;SALTO;DEPARTAMENTAL;CAMIONETA;4;F;0;CAIDA;;ITUZAINGO Y O. LANZA
04/11/2012 00:30;COLONIA;DEPARTAMENTAL;MOTO;29;M;1;COLISION ENTRE VEHICULOS;AUTO;JOSE BATLLE Y ORDOÑEZ esq. LAS ROSAS
04/11/2012 04:30;ROCHA;NACIONAL;MOTO;Sin Dato;M;0;DESPISTE;;RUTA 9 KM. 258 
04/11/2012 20:45;CANELONES;NACIONAL;BICICLETA;64;M;1;COLISION ENTRE VEHICULOS;AUTO;RUTA 6 KM. 32
04/11/2012 21:15;CANELONES;NACIONAL;MOTO;44;M;0;COLISION ENTRE VEHICULOS;CAMIONETA;RUTA 11 KM. 133,
05/11/2012 04:30;MALDONADO;NACIONAL;PEATON;33;M;0;ATROPELLO DE PEATON;;RUTA 39 KM 59
06/11/2012 22:40;MONTEVIDEO;DEPARTAMENTAL;MOTO;19;M;26;COLISION ENTRE VEHICULOS;AUTO;NUEVA PALMIRA Y BR. ARTIGAS
07/11/2012 07:45;RIVERA;NACIONAL;AUTO;46;M;0;COLISION ENTRE VEHICULOS;CAMION;C. NACIONAL DE LA CUCHILLA DE HAEDO
07/11/2012 12:00;CANELONES;DEPARTAMENTAL;PEATON;Sin Dato;M;0;ATROPELLO DE PEATON;CAMIONETA;MAZZINI esq. ATANASIO SIERRA
08/11/2012 09:00;SALTO;DEPARTAMENTAL;PEATON;44;F;1;ATROPELLO DE PEATON;MOTO;JUAN H. PAIVA esq. YATAY
10/11/2012 04:35;ARTIGAS;DEPARTAMENTAL;MOTO;22;M;1;COLISION ENTRE VEHICULOS;CAMION;ATILIO FERRANDIS esq. TREINTA Y TRES
11/11/2012 06:05;SALTO;DEPARTAMENTAL;MOTO;18;M;0;COLISION ENTRE VEHICULOS;CAMIONETA;AVENIDA PASCUAL HARRIAGUE esq. DOCTOR WASHINGTON BELTRAN
12/11/2012 11:20;MONTEVIDEO;DEPARTAMENTAL;CAMIONETA;76;F;1;ATROPELLO DE PEATON;;Miguelete y Juan Paullier
12/11/2012 14:20;PAYSANDU;NACIONAL;AUTO;76;M;2;DESPISTE;;RUTA 3 KM. 365
12/11/2012 18:20;MONTEVIDEO;DEPARTAMENTAL;MOTO;25;F;3;DESPISTE;;PEDRO GIRALT esq. GROENLANDIA
14/11/2012 18:30;TACUAREMBÓ;NACIONAL;PEATON;14;M;1;ATROPELLO DE PEATON;AUTO;RUTA 5 KM. 317
14/11/2012 19:00;PAYSANDU;NACIONAL;AUTO;51;F;1;COLISION CON OBSTACULO;;RUTA 26 KM. 148
16/11/2012 12:50;MONTEVIDEO;DEPARTAMENTAL;CAMIONETA;63;M;1;COLISION ENTRE VEHICULOS;MOTO;RIO DE JANEIRO esq. CENTRO AMERICA
16/11/2012 17:40;MONTEVIDEO;DEPARTAMENTAL;MOTO;37;F;13;COLISION ENTRE VEHICULOS;MOTO;LA CARRETA ESQ. IDEARIO ARTIGUISTA
18/11/2012 03:20;CANELONES;NACIONAL;MOTO;22;M;0;CAIDA;;RUTA 7, KM. 79.500
18/11/2012 10:00;LAVALLEJA;NACIONAL;AUTO;21;M;7;DESPISTE;;RUTA 8 KM. 234
18/11/2012 10:00;LAVALLEJA;NACIONAL;AUTO;28;M;0;DESPISTE;;RUTA 8 KM. 234
21/11/2012 14:00;MALDONADO;DEPARTAMENTAL;MOTO;23;M;1;COLISION ENTRE VEHICULOS;CAMION;25 DE AGOSTO Y CAL
22/11/2012 09:00;COLONIA;NACIONAL;CAMION;37;M;0;CAIDA;;KM 114 de Ruta N°1
22/11/2012 16:00;ARTIGAS;NACIONAL;MOTO;18;M;1;COLISION ENTRE VEHICULOS;AUTO;Ruta N° 3 KM 626,500
24/11/2012 06:50;MALDONADO;DEPARTAMENTAL;CAMION;34;M;0;COLISION ENTRE VEHICULOS;CAMION;Zona de Manatiales, La Barra, Maldonado
24/11/2012 23:05;DURAZNO;DEPARTAMENTAL;MOTO;17;M;2;COLISION ENTRE VEHICULOS;MOTO;RUTA 6 KM 202,200
25/11/2012 01:55;CANELONES;DEPARTAMENTAL;MOTO;26;M;1;CAIDA;;GENERAL ARTIGAS
25/11/2012 22:30;SAN JOSE;DEPARTAMENTAL;MOTO;37;M;0;CAIDA;;Av Manuel de Rodriguez casi HAITÍ
26/11/2012 12:55;COLONIA;DEPARTAMENTAL;MOTO;20;F;0;COLISION ENTRE VEHICULOS;CAMIONETA;SANTA EEGINA
26/11/2012 17:00;MONTEVIDEO;DEPARTAMENTAL;MOTO;28;M;1;COLISION ENTRE VEHICULOS;CAMION;NOVARA Nro. 3599 esq. MODENA
28/11/2012 08:30;SAN JOSE;NACIONAL;AUTO;85;M;1;COLISION ENTRE VEHICULOS;AUTO;RUTA 3 KM. 71500
28/11/2012 16:40;LAVALLEJA;NACIONAL;AUTO;56;M;0;DESPISTE;;RUTA 8 KM. 137
01/12/2012 15:00;CANELONES;NACIONAL;CAMIONETA;51;F;0;DESPISTE;;RUTA 6 KM. 70
01/12/2012 16:30;CANELONES;NACIONAL;MOTO;27;M;0;COLISION ENTRE VEHICULOS;AUTO;RUTA 11 KM 100.500
02/12/2012 02:15;SALTO;DEPARTAMENTAL;MOTO;16;M;0;DESPISTE;;COSTANERA SUR
02/12/2012 02:30;RIVERA;DEPARTAMENTAL;MOTO;40;M;0;DESPISTE;;PAUL HARRIS Y REP. ARGENTINA
03/12/2012 17:00;CANELONES;NACIONAL;CAMIONETA;23;M;0;COLISION ENTRE VEHICULOS;OMNIBUS;RUTA 101 KM 26.400
03/12/2012 21:45;CANELONES;NACIONAL;MOTO;17;M;0;COLISION ENTRE VEHICULOS;AUTO;RUTA INTERBALNEARIA KM 27.500 esq. AVENIDA C --COLINAS DE SOLYMAR--
05/12/2012 13:55;MONTEVIDEO;DEPARTAMENTAL;AUTO;85;M;3;COLISION ENTRE VEHICULOS;AUTO;AVENIDA AGRACIADA Nro. 4199 esq. JULIAN ALVAREZ
06/12/2012 10:45;CANELONES;DEPARTAMENTAL;PEATON;79;M;0;ATROPELLO DE PEATON;AUTO;AVENIDA URUGUAY --EL PINAR-- esq. MAR MEDITERRANEO
07/12/2012 19:30;MONTEVIDEO;DEPARTAMENTAL;MOTO;26;M;0;COLISION ENTRE VEHICULOS;OMNIBUS;PADRE JUAN BONMESADRI Nro. 2027 esq. ANDRES
07/12/2012 21:30;DURAZNO;NACIONAL;MOTO;45;M;0;COLISION ENTRE VEHICULOS;AUTO;ruta 5 puente nuevo
08/12/2012 12:00;MONTEVIDEO;DEPARTAMENTAL;MOTO;39;M;0;COLISION ENTRE VEHICULOS;AUTO;Continuación Burdeos y Victor Hugo
09/12/2012 11:54;MONTEVIDEO;DEPARTAMENTAL;MOTO;36;F;0;COLISION ENTRE VEHICULOS;OMNIBUS;AVENIDA DIECIOCHO DE JULIO esq. EJIDO
09/12/2012 20:30;CERRO LARGO;DEPARTAMENTAL;CAMIONETA;56;M;0;DESPISTE;;PASO DEL GORDO
10/12/2012 07:00;PAYSANDU;DEPARTAMENTAL;MOTO;46;M;18;COLISION ENTRE VEHICULOS;AUTO;18 DE JULIO Y SETEMBRINO PEREDA
11/12/2012 10:35;MONTEVIDEO;DEPARTAMENTAL;PEATON;Sin Dato;F;0;ATROPELLO DE PEATON;CAMION;LAS PETUNIAS Y AVENIDA DE LA ALJABA
11/12/2012 21:15;CANELONES;NACIONAL;PEATON;75;F;0;ATROPELLO DE PEATON;AUTO;RUTA 8 KILOMETRO 23.500
12/12/2012 15:35;CANELONES;DEPARTAMENTAL;PEATON;5;M;0;ATROPELLO DE PEATON;CAMIONETA;AV. GIANNATASIO Y AV. CENTRAL KM 27
13/12/2012 11:15;MONTEVIDEO;DEPARTAMENTAL;PEATON;84;M;0;ATROPELLO DE PEATON;CAMIONETA;COLONIA Y JUAN PAULLIER
14/12/2012 09:17;CANELONES;DEPARTAMENTAL;PEATON;78;F;1;ATROPELLO DE PEATON;AUTO;GINNATTASIO Y VENEZUELA
14/12/2012 22:15;PAYSANDU;NACIONAL;CAMIONETA;52;M;0;COLISION ENTRE VEHICULOS;CAMIONETA;RUTA 90 KM 45,200
14/12/2012 22:30;MALDONADO;DEPARTAMENTAL;MOTO;Sin Dato;M;1;COLISION ENTRE VEHICULOS;MOTO;CONSTITUCION Y MARCO DE LOS REYES
15/12/2012 00:00;MONTEVIDEO;DEPARTAMENTAL;MOTO;23;M;0;COLISION ENTRE VEHICULOS;OMNIBUS;ARGERICH Y CAP. VILLADEMOROS
15/12/2012 00:15;TACUAREMBÓ;NACIONAL;PEATON;58;M;0;ATROPELLO DE PEATON;CAMIONETA;RUTA 5 KM 397
16/12/2012 02:00;CERRO LARGO;DEPARTAMENTAL;MOTO;19;M;1;COLISION ENTRE VEHICULOS;CAMIONETA;TREINTA Y TRES Y DEL PILAR
16/12/2012 06:50;MALDONADO;DEPARTAMENTAL;MOTO;24;M;0;COLISION ENTRE VEHICULOS;OMNIBUS;CAMINO LOS CEIBOS Y CAMINO LAVAGNA
16/12/2012 08:21;SORIANO;DEPARTAMENTAL;MOTO;23;F;1;CAIDA;-;CARLOS MAGNONE Y ANSINA
16/12/2012 18:50;TACUAREMBÓ;NACIONAL;AUTO;32;M;0;DESPISTE;-;RUTA 43 KM 5
18/12/2012 00:00;CANELONES;DEPARTAMENTAL;BICICLETA;8;F;0;COLISION ENTRE VEHICULOS;CAMION;RUTA 34 KM 41,500
18/12/2012 18:00;SALTO;DEPARTAMENTAL;MOTO;56;M;0;COLISION ENTRE VEHICULOS;CAMION;GRAL. RIVERA Y DR. MORQUIO
18/12/2012 22:06;MONTEVIDEO;DEPARTAMENTAL;MOTO;40;M;1;COLISION ENTRE VEHICULOS;CARRO;AL PASO DEL ANDALUZ ENTRE INSTRUCCIONES Y BELLONI
19/12/2012 12:10;RIVERA;DEPARTAMENTAL;PEATON;83;M;0;ATROPELLO DE PEATON;CAMION;FRUCTUOSO RIVERA AV. BRASIL 
19/12/2012 16:45;ARTIGAS;NACIONAL;MOTO;25;F;12;COLISION ENTRE VEHICULOS;OMNIBUS;RUTA 3 KM 610
20/12/2012 07:00;CERRO LARGO;NACIONAL;AUTO;4;M;0;DESPISTE;-;RUTA 26 KM 67700
20/12/2012 21:15;CANELONES;NACIONAL;PEATON;63;M;0;ATROPELLO DE PEATON;CAMION;RUTA INTERBALNEARIA KM 36,2
21/12/2012 21:50;MALDONADO;NACIONAL;MOTO;62;M;0;COLISION ENTRE VEHICULOS;AUTO;RUTA 9 KM 142
22/12/2012 07:00;MONTEVIDEO;DEPARTAMENTAL;MOTO;51;M;1;COLISION ENTRE VEHICULOS;CAMIONETA;CON. REPETTO Y AGUSTIN BISIO
22/12/2012 08:55;MALDONADO;NACIONAL;MOTO;26;M;0;COLISION ENTRE VEHICULOS;MAQUINA VIAL;RUTA 10 Y CALLE 10
23/12/2012 03:00;TACUAREMBÓ;NACIONAL;MOTO;23;M;0;CAIDA;-;RUTA 26 KM 290
24/12/2012 19:55;MONTEVIDEO;DEPARTAMENTAL;PEATON;47;F;1;ATROPELLO DE PEATON;AUTO;ACONCAGUA Y ALEJANDRO GALLINAL
25/12/2012 08:00;FLORES;NACIONAL;AUTO;21;M;0;DESPISTE;-;RUTA 14 KM. 
25/12/2012 16:00;CANELONES;NACIONAL;CAMIONETA;31;M;12;DESPISTE;-;RUTA 101 KM. 17.900
26/12/2012 10:30;CANELONES;DEPARTAMENTAL;PEATON;Sin Dato;M;0;ATROPELLO DE PEATON;MOTO;RUTA 75 Y LORENZO CARNELLI
27/12/2012 02:20;LAVALLEJA;NACIONAL;CAMIONETA;60;M;1;DESPISTE;-;RUTA 8 KM 243
28/12/2012 05:25;CANELONES;DEPARTAMENTAL;AUTO;23;M;0;DESPISTE;-;RUTA 74 Y CALLE SOLIS
28/12/2012 09:00;PAYSANDU;NACIONAL;AUTO;22;M;0;COLISION ENTRE VEHICULOS;CAMION;RUTA 26 KM 148
28/12/2012 09:00;PAYSANDU;NACIONAL;AUTO;33;M;1;COLISION ENTRE VEHICULOS;CAMION;RUTA 26 KM 148
28/12/2012 09:05;MALDONADO;DEPARTAMENTAL;MOTO;46;M;1;DESPISTE;-;APARICIO SARAVIA Y VIVERO LAS LANADAS
30/12/2012 02:30;CANELONES;NACIONAL;AUTO;43;M;0;COLISION ENTRE VEHICULOS;CAMIONETA;RUTA 8 KM 62
30/12/2012 07:10;TACUAREMBÓ;DEPARTAMENTAL;MOTO;40;M;1;COLISION CON OBSTACULO;-;PABLO RIOS Y LARRAÑAGA
31/12/2012 02:15;DURAZNO;DEPARTAMENTAL;MOTO;16;M;1;COLISION ENTRE VEHICULOS;MOTO;RUTA 14 Y BY PASS
31/12/2012 06:15;PAYSANDU;NACIONAL;MOTO;30;M;0;CAIDA;-;RUTA 90 KM 54
31/12/2012 22:30;CANELONES;NACIONAL;PEATON;37;F;0;ATROPELLO DE PEATON;AUTO;RUTA INTERBALNEARIA KM 64,500
